v1,v2,v3,v4,v5,Duration,AnswerChannel,ID,Name_Published,IP,Longitude,Latitude,Country,Province,City,Equipment,OS,Browser,ScreenResolution,v12,Pre_Prefence_Nuts,Group,Impression_Influencer,Changedproductattitude_by_Influencer,Intra_Prference_Nuts,Perceived_Valence_Comment,Changedproductattitude_by_Comment,Post_Preference_Nuts,Buy_Intention_with_Incentives,Recall_Product,Recall_Preference_Nuts,Recall_Influencer,Familiarity_Influencer,Fame_Influencer,Relevance_Influencer_Sale,Relevance_Influencer_Product,Recall_Likeness_Influencer,Recall_Likeness_Nuts,Recall_Valence_Comment,Recall_Incentives,Gender,Age,Income,ZPre_Nuts_Preference,ZFame,ZFamiliarity,ZRelevant_Influencer_Sale,ZRelevant_Influencer_Product,Changed_Product_Preference_Halo,Relevance_Influencer_Product_mean,Group_mean,int
0Jek4AMz,xMobQ5We,s*n倩,2023-02-10 22:12:01,2023-02-10 22:15:18,197,1,i2AJfe,电商直播影响力研究,112.224.190.129,116.0045110,35.8038700,中国,山东省,济宁市,MOBILE,iOS,Apple WebKit,428px*926px,进入直播室-A主播,5,1,3,3,6,1,3,6,3,3,6,1,2,10,19,21,2,2,3,1,2,2,5,-.74,-32.91,-1.53,-40.57,-39.57,1,60.5708955223881,2.98507462686567,78.551180663845
mWLGXwez,27abWkEL,cdm****Wt2f2,2023-02-10 19:13:19,2023-02-10 19:17:21,242,1,i2AJfe,电商直播影响力研究,223.148.161.56,112.3300470,27.5389950,中国,湖南省,湘潭市,MOBILE,Android,WeChat,422px*913px,进入直播室-A主播,6,1,3,5,6,1,6,5,3,3,5,1,3,54,41,61,4,3,3,5,1,2,3,.26,11.09,-.53,-18.57,.43,0,60.5708955223881,2.98507462686567,-.851804410781918
aBepzx7E,z7lbrqWe,cdm****98xVy,2023-02-09 14:30:20,2023-02-09 14:36:12,352,1,i2AJfe,电商直播影响力研究,180.114.76.15,120.3197176,31.5739791,中国,江苏省,无锡市,COMPUTER,Windows,Chrome,1920px*1080px,进入直播室-A主播,6,1,3,2,6,1,7,1,3,3,6,1,1,0,57,83,2,3,3,5,2,2,3,.26,-42.91,-2.53,-2.57,22.43,0,60.5708955223881,2.98507462686567,-44.5234462018267
K0eyy9eQ,kMrKqWV7,cdm****wXFvL,2023-02-11 18:34:34,2023-02-11 18:37:29,175,1,i2AJfe,电商直播影响力研究,223.104.39.23,116.4964550,40.0325300,中国,北京市,市辖区,MOBILE,iOS,WeChat,414px*896px,进入直播室-A主播,5,1,4,6,5,1,7,5,2,3,5,1,2,61,88,80,5,4,3,5,2,3,6,-.74,18.09,-1.53,28.43,19.43,0,60.5708955223881,2.98507462686567,-38.5682223212297
QJ7Bzj7R,5Lmbw6ne,刘*川,2023-02-10 19:25:25,2023-02-10 19:28:13,168,1,i2AJfe,电商直播影响力研究,112.9.113.139,120.6353050,36.3046300,中国,山东省,青岛市,TABLET,iOS,Apple WebKit,375px*667px,进入直播室-A主播,5,1,4,3,5,1,3,5,3,3,6,1,1,72,39,62,4,6,3,5,2,2,4,-.74,29.09,-2.53,-20.57,1.43,0,60.5708955223881,2.98507462686567,-2.83687903764759
Wo7jPlew,9LQln6Y7,cdm****9aEJW,2023-02-10 12:12:06,2023-02-10 12:16:48,282,1,i2AJfe,电商直播影响力研究,183.94.106.122,114.3940440,30.4764720,中国,湖北省,武汉市,MOBILE,Android,WeChat,360px*800px,进入直播室-A主播,6,1,4,5,6,1,7,6,2,3,6,1,1,20,45,50,3,2,3,5,2,2,3,.26,-22.91,-2.53,-14.57,-10.57,0,60.5708955223881,2.98507462686567,20.9840164847405
0ve8vg7p,JekbX5bL,cdm****V7bn0,2023-02-09 18:54:10,2023-02-09 18:58:41,271,1,i2AJfe,电商直播影响力研究,221.216.116.115,116.3974589,39.9388838,中国,北京市,市辖区,MOBILE,Android,Chrome,360px*800px,进入直播室-A主播,5,1,4,6,5,1,7,5,4,3,5,1,4,20,20,10,4,4,3,5,2,4,4,-.74,-22.91,.47,-39.57,-50.57,0,60.5708955223881,2.98507462686567,100.387001559367
K0eyvPMQ,kM1ZOkD7,cdm****jn8B9,2023-02-09 18:53:28,2023-02-09 18:58:29,301,1,i2AJfe,电商直播影响力研究,112.32.18.93,117.2772718,31.8710932,中国,安徽省,合肥市,COMPUTER,Windows,Chrome,1536px*864px,进入直播室-A主播,7,1,4,1,7,2,4,4,5,3,7,1,3,13,9,23,4,4,3,5,2,2,2,1.26,-29.91,-.53,-50.57,-37.57,0,60.5708955223881,2.98507462686567,74.5810314101136
a5LmogMW,J7qK8r5e,cdm****3e4L5,2023-02-08 17:30:53,2023-02-08 17:35:09,256,1,i2AJfe,电商直播影响力研究,113.109.41.143,113.3893937,23.1565381,中国,广东省,广州市,COMPUTER,Windows,Chrome,1920px*1080px,进入直播室-A主播,6,1,4,6,5,2,6,3,5,3,6,1,5,30,40,35,4,3,3,1,2,3,5,.26,-12.91,1.47,-19.57,-25.57,-1,60.5708955223881,2.98507462686567,50.7601358877255
zJ7qVyL0,leNl29v7,cdm****PI4Zr,2023-02-08 08:26:58,2023-02-08 08:30:49,231,1,i2AJfe,电商直播影响力研究,60.30.71.2,117.2157365,39.1304422,中国,天津市,市辖区,COMPUTER,Windows,Chrome,1920px*1080px,进入直播室-A主播,6,1,4,3,6,3,5,6,3,3,6,1,3,30,50,50,4,4,3,5,1,3,5,.26,-12.91,-.53,-9.57,-10.57,0,60.5708955223881,2.98507462686567,20.9840164847405
E9LQjYeP,AM9695W7,王*,2023-02-08 04:48:02,2023-02-08 04:53:37,335,1,i2AJfe,电商直播影响力研究,58.246.155.152,121.4767528,31.2243490,中国,上海市,市辖区,MOBILE,iOS,Apple WebKit,428px*926px,进入直播室-A主播,6,1,4,3,6,1,7,4,5,3,6,1,3,48,52,37,4,4,3,5,2,4,5,.26,5.09,-.53,-7.57,-23.57,0,60.5708955223881,2.98507462686567,46.7899866339942
VnePjY7a,JekbXobL,cdm****Pgl5p,2023-02-07 19:44:32,2023-02-07 19:49:28,296,1,i2AJfe,电商直播影响力研究,112.224.75.34,117.1107495,36.6472998,中国,山东省,济南市,COMPUTER,Windows,Chrome,1366px*768px,进入直播室-A主播,2,1,4,5,6,1,7,4,3,3,5,1,4,30,60,45,4,5,3,5,2,3,5,-3.74,-12.91,.47,.43,-15.57,4,60.5708955223881,2.98507462686567,30.9093896190688
0JekAA7z,G7Xlxw57,cdm****aRhsE,2023-02-11 18:32:22,2023-02-11 18:36:31,249,1,i2AJfe,电商直播影响力研究,61.242.134.133,115.9191298,28.6745131,中国,江西省,南昌市,MOBILE,Android,WeChat,360px*800px,进入直播室-A主播,2,1,5,4,2,1,5,2,2,3,2,1,3,40,47,40,5,2,3,5,2,2,3,-3.74,-2.91,-.53,-12.57,-20.57,0,60.5708955223881,2.98507462686567,40.8347627533972
1kMr1Ve9,J7qK8Wle,cdm****p8Eiq,2023-02-11 18:27:10,2023-02-11 18:31:17,247,1,i2AJfe,电商直播影响力研究,117.136.101.115,115.8644850,32.9145580,中国,安徽省,阜阳市,MOBILE,Android,Chrome,412px*915px,进入直播室-A主播,6,1,5,7,6,2,6,4,3,3,6,1,3,19,31,34,3,2,3,5,1,3,5,.26,-23.91,-.53,-28.57,-26.57,0,60.5708955223881,2.98507462686567,52.7452105145912
2AM9rk76,DMxKRame,cdm****Wrlhi,2023-02-11 14:25:23,2023-02-11 14:28:38,195,1,i2AJfe,电商直播影响力研究,116.26.230.12,115.3648200,22.7718580,中国,广东省,汕尾市,MOBILE,Android,WeChat,400px*889px,进入直播室-A主播,6,1,5,3,6,1,7,6,3,3,6,1,5,64,80,75,5,3,3,5,2,2,3,.26,21.09,1.47,20.43,14.43,0,60.5708955223881,2.98507462686567,-28.6428491869013
Y5M2KA74,p7YxvzaM,cdm****sSuRr,2023-02-11 02:57:07,2023-02-11 02:59:58,171,1,i2AJfe,电商直播影响力研究,27.27.240.12,112.1531153,32.0612032,中国,湖北省,襄阳市,COMPUTER,Windows,Chrome,1280px*800px,进入直播室-A主播,6,1,5,3,6,1,6,5,5,3,6,1,3,57,64,60,5,4,3,5,2,3,6,.26,14.09,-.53,4.43,-.57,0,60.5708955223881,2.98507462686567,1.13327021608375
0ve8XBep,J7B861ne,窦*志,2023-02-11 01:38:17,2023-02-11 01:40:43,146,1,i2AJfe,电商直播影响力研究,119.189.23.54,116.2570180,36.8502040,中国,山东省,聊城市,MOBILE,iOS,Apple WebKit,414px*896px,进入直播室-A主播,6,1,5,5,6,2,4,4,4,3,6,1,3,26,77,50,4,4,3,5,1,3,4,.26,-16.91,-.53,17.43,-10.57,0,60.5708955223881,2.98507462686567,20.9840164847405
3kM12B71,QL0Z5zVM,cdm****ALfGF,2023-02-10 20:07:19,2023-02-10 20:09:45,146,1,i2AJfe,电商直播影响力研究,220.202.217.144,112.9325340,28.2786940,中国,湖南省,长沙市,MOBILE,Android,WeChat,400px*867px,进入直播室-A主播,6,1,5,5,6,1,7,6,4,3,6,1,3,30,31,20,4,4,3,5,2,2,4,.26,-12.91,-.53,-28.57,-40.57,0,60.5708955223881,2.98507462686567,80.5362552907106
ZleN5mLo,0eyKjrP7,cdm****vvcjI,2023-02-10 16:36:59,2023-02-10 16:40:04,185,1,i2AJfe,电商直播影响力研究,119.123.137.158,114.0867734,22.5383279,中国,广东省,深圳市,COMPUTER,Windows,Chrome,1920px*1080px,进入直播室-A主播,6,1,5,6,6,1,6,6,6,3,6,1,5,60,100,100,5,6,3,5,1,2,5,.26,17.09,1.47,40.43,39.43,0,60.5708955223881,2.98507462686567,-78.2697148585431
3kM1vB71,xLVl5BRM,cdm****CDVsu,2023-02-09 19:01:11,2023-02-09 19:03:48,157,1,i2AJfe,电商直播影响力研究,223.96.103.146,118.4920420,37.4525600,中国,山东省,东营市,MOBILE,iOS,Apple WebKit,375px*812px,进入直播室-A主播,4,1,5,5,5,1,7,1,5,3,4,1,1,22,99,10,1,1,3,5,1,5,5,-1.74,-20.91,-2.53,39.43,-50.57,1,60.5708955223881,2.98507462686567,100.387001559367
zJ7qBlL0,oe4ZJYJ7,cdm****atvb0,2023-02-09 18:56:44,2023-02-09 19:00:27,223,1,i2AJfe,电商直播影响力研究,112.194.186.171,103.7589544,29.5795018,中国,四川省,乐山市,COMPUTER,Windows,Chrome,1366px*768px,进入直播室-A主播,4,1,5,5,4,1,5,4,3,3,4,1,3,22,60,62,5,4,3,5,2,3,3,-1.74,-20.91,-.53,.43,1.43,0,60.5708955223881,2.98507462686567,-2.83687903764759
vp7Yj0La,WLGdwOae,cdm****wnXjK,2023-02-09 18:53:13,2023-02-09 18:55:12,119,1,i2AJfe,电商直播影响力研究,27.19.181.252,114.3129220,30.3511360,中国,湖北省,武汉市,MOBILE,Android,WeChat,360px*800px,进入直播室-A主播,6,1,5,5,6,1,4,6,5,3,6,1,3,44,34,71,4,4,3,5,2,2,3,.26,1.09,-.53,-25.57,10.43,0,60.5708955223881,2.98507462686567,-20.7025506794386
JyevbXe9,27abWrOL,cdm****ipfhy,2023-02-09 14:04:44,2023-02-09 14:11:01,377,1,i2AJfe,电商直播影响力研究,49.93.81.29,118.7362650,31.9827310,中国,江苏省,南京市,MOBILE,iOS,Apple WebKit,428px*926px,进入直播室-A主播,6,1,5,2,6,1,6,1,2,3,6,1,2,15,70,85,3,2,3,5,2,4,5,.26,-27.91,-1.53,10.43,24.43,0,60.5708955223881,2.98507462686567,-48.493595455558
rDMxDmMy,o7j3Y4zL,cdm****mKlMR,2023-02-09 14:06:29,2023-02-09 14:10:43,254,1,i2AJfe,电商直播影响力研究,171.218.229.40,103.9256300,30.7522990,中国,四川省,成都市,MOBILE,Android,Chrome,393px*873px,进入直播室-A主播,6,1,5,6,7,1,7,6,6,3,6,1,3,53,20,30,5,5,3,5,1,4,6,.26,10.09,-.53,-39.57,-30.57,1,60.5708955223881,2.98507462686567,60.6855090220539
Wo7j8oew,ve8m09wM,cdm****aCCwV,2023-02-09 11:30:19,2023-02-09 11:34:07,228,1,i2AJfe,电商直播影响力研究,111.17.24.121,117.1229911,36.1417614,中国,山东省,泰安市,COMPUTER,Windows,Chrome,1920px*1080px,进入直播室-A主播,6,1,5,5,6,1,7,2,2,3,6,1,1,50,70,70,3,2,3,5,1,4,5,.26,7.09,-2.53,10.43,9.43,0,60.5708955223881,2.98507462686567,-18.717476052573
ZG7XWGM3,0eyKjwG7,cdm****KJeaO,2023-02-09 10:06:22,2023-02-09 10:10:04,222,1,i2AJfe,电商直播影响力研究,124.89.117.10,108.9410144,34.2740836,中国,陕西省,西安市,COMPUTER,Windows,Chrome,1366px*768px,进入直播室-A主播,6,1,5,3,6,1,5,5,6,3,6,1,3,30,70,60,5,6,3,5,2,4,6,.26,-12.91,-.53,10.43,-.57,0,60.5708955223881,2.98507462686567,1.13327021608375
YKLORA7k,8MZlJzGL,cdm****Up6nN,2023-02-08 19:38:07,2023-02-08 19:41:59,232,1,i2AJfe,电商直播影响力研究,114.87.4.62,121.4767528,31.2243490,中国,上海市,市辖区,COMPUTER,Windows,Chrome,1920px*1080px,进入直播室-A主播,6,1,5,5,6,1,5,2,2,3,6,1,1,25,71,67,5,3,3,1,1,4,6,.26,-17.91,-2.53,11.43,6.43,0,60.5708955223881,2.98507462686567,-12.7622521719759
Wo7j5oMw,veE2XzKM,cdm****LdakL,2023-02-08 19:01:25,2023-02-08 19:07:14,349,1,i2AJfe,电商直播影响力研究,1.82.170.18,107.1513910,34.3632929,中国,陕西省,宝鸡市,COMPUTER,Windows,Chrome,1920px*1080px,进入直播室-A主播,5,1,5,5,6,1,5,5,3,3,5,1,5,61,67,71,4,2,3,5,1,3,4,-.74,18.09,1.47,7.43,10.43,1,60.5708955223881,2.98507462686567,-20.7025506794386
JaMgZkew,z7AymEr7,cdm****CIzHv,2023-02-08 18:14:34,2023-02-08 18:23:10,516,1,i2AJfe,电商直播影响力研究,154.31.224.108,111.4778760,27.2388190,中国,湖南省,邵阳市,COMPUTER,Windows,Chrome,1440px*960px,进入直播室-A主播,6,1,5,7,6,2,6,4,3,3,6,1,2,32,56,49,2,3,3,5,2,3,3,.26,-10.91,-1.53,-3.57,-11.57,0,60.5708955223881,2.98507462686567,22.9690911116061
r2Md567w,9LQlndA7,cdm****73m1m,2023-02-08 09:12:27,2023-02-08 09:18:19,352,1,i2AJfe,电商直播影响力研究,39.71.167.242,117.0413500,36.6623208,中国,山东省,济南市,COMPUTER,Windows,Chrome,1536px*864px,进入直播室-A主播,6,1,5,6,6,1,5,6,6,3,6,1,3,31,40,43,5,6,3,5,2,3,5,.26,-11.91,-.53,-19.57,-17.57,0,60.5708955223881,2.98507462686567,34.8795388728002
vp7YoZea,kM1ZOby7,陈*军,2023-02-07 21:49:05,2023-02-07 21:51:25,140,1,i2AJfe,电商直播影响力研究,219.155.196.54,114.5340870,32.1946570,中国,河南省,信阳市,MOBILE,iOS,Apple WebKit,414px*896px,进入直播室-A主播,6,1,5,6,6,3,6,4,5,3,6,1,2,15,27,25,5,3,3,5,1,3,3,.26,-27.91,-1.53,-32.57,-35.57,0,60.5708955223881,2.98507462686567,70.6108821563823
mWLG8aez,Ke5ZpNvM,cdm****9wh1y,2023-02-07 19:16:03,2023-02-07 19:18:43,160,1,i2AJfe,电商直播影响力研究,124.160.154.37,122.2923300,29.9923090,中国,浙江省,舟山市,MOBILE,Android,Chrome,360px*780px,进入直播室-A主播,5,1,5,3,5,2,5,4,5,3,5,1,5,40,70,31,5,4,3,5,2,2,4,-.74,-2.91,1.47,10.43,-29.57,0,60.5708955223881,2.98507462686567,58.7004343951882
6QL0JQMb,JekbXbjL,cdm****uh3l3,2023-02-07 18:24:17,2023-02-07 18:27:07,170,1,i2AJfe,电商直播影响力研究,116.253.123.238,109.4146282,24.3181756,中国,广西壮族自治区,柳州市,COMPUTER,Windows,Chrome,1440px*960px,进入直播室-A主播,5,1,5,5,6,3,7,4,2,3,5,1,2,30,75,60,5,4,3,5,2,2,4,-.74,-12.91,-1.53,15.43,-.57,1,60.5708955223881,2.98507462686567,1.13327021608375
rDMxqa7y,ve8m0ogM,cdm****BDEUq,2023-02-11 12:41:28,2023-02-11 12:43:47,139,1,i2AJfe,电商直播影响力研究,218.26.159.248,112.5463272,37.8699291,中国,山西省,太原市,MOBILE,iOS,WeChat,375px*667px,进入直播室-A主播,6,1,6,6,6,1,6,3,5,3,6,1,3,22,54,47,3,3,3,5,2,4,4,.26,-20.91,-.53,-5.57,-13.57,0,60.5708955223881,2.98507462686567,26.9392403653375
Y5M2NAM4,RMWlO8B7,cdm****9hksy,2023-02-09 23:03:10,2023-02-09 23:06:45,215,1,i2AJfe,电商直播影响力研究,119.127.54.122,113.3375500,22.7978010,中国,广东省,佛山市,MOBILE,iOS,Apple WebKit,414px*896px,进入直播室-A主播,6,1,6,6,7,1,5,5,5,3,6,1,1,0,87,83,5,5,3,5,1,2,4,.26,-42.91,-2.53,27.43,22.43,1,60.5708955223881,2.98507462686567,-44.5234462018267
027aoEeA,J7qK85ye,cdm****1nWZM,2023-02-09 11:35:12,2023-02-09 11:40:30,318,1,i2AJfe,电商直播影响力研究,111.181.85.38,114.8922408,30.4495180,中国,湖北省,黄冈市,COMPUTER,Windows,Chrome,1951px*1098px,进入直播室-A主播,6,1,6,6,7,1,6,5,5,3,5,1,5,52,64,83,6,5,3,5,2,4,5,.26,9.09,1.47,4.43,22.43,1,60.5708955223881,2.98507462686567,-44.5234462018267
Xoe4K6LV,VMJjyOwM,cdm****FJjUm,2023-02-09 11:02:49,2023-02-09 11:06:45,236,1,i2AJfe,电商直播影响力研究,183.67.26.18,106.5485537,29.5549125,中国,重庆市,市辖区,COMPUTER,Windows,Chrome,1920px*1080px,进入直播室-A主播,6,1,6,5,6,1,6,4,5,3,6,1,4,30,60,80,4,5,3,5,1,3,5,.26,-12.91,.47,.43,19.43,0,60.5708955223881,2.98507462686567,-38.5682223212297
zJ7qAl70,G7Xlxzw7,cdm****iqjEb,2023-02-09 10:40:12,2023-02-09 10:44:09,237,1,i2AJfe,电商直播影响力研究,111.181.121.106,114.8922408,30.4495180,中国,湖北省,黄冈市,COMPUTER,Windows,Chrome,1951px*1098px,进入直播室-A主播,6,1,6,7,7,1,7,3,5,3,6,1,6,47,66,83,5,6,3,5,2,4,5,.26,4.09,2.47,6.43,22.43,1,60.5708955223881,2.98507462686567,-44.5234462018267
K0ey0PLQ,4enbk1We,cdm****gqmbX,2023-02-08 18:12:23,2023-02-08 18:17:32,309,1,i2AJfe,电商直播影响力研究,125.70.171.242,104.0781105,30.6602396,中国,四川省,成都市,COMPUTER,Windows,Chrome,1920px*1080px,进入直播室-A主播,5,1,6,7,6,1,7,3,2,3,5,1,1,80,10,10,6,6,3,5,1,3,6,-.74,37.09,-2.53,-49.57,-50.57,1,60.5708955223881,2.98507462686567,100.387001559367
pxMoj0en,p7Yxv9aM,zh***zhou,2023-02-07 19:30:38,2023-02-07 19:33:52,194,1,i2AJfe,电商直播影响力研究,45.92.162.56,105.3105265,27.2943303,中国,贵州省,毕节市,MOBILE,Android,Chrome,360px*803px,进入直播室-A主播,5,1,7,4,5,1,6,3,3,3,5,1,2,39,67,60,3,2,3,2,1,2,4,-.74,-3.91,-1.53,7.43,-.57,0,60.5708955223881,2.98507462686567,1.13327021608375
Y5M2Oa74,G7XlxDr7,cdm****2SLnX,2023-02-13 10:19:14,2023-02-13 10:23:16,242,1,i2AJfe,电商直播影响力研究,123.5.105.60,114.0708920,32.1265950,中国,河南省,信阳市,MOBILE,iOS,WeChat,414px*896px,进入直播室-A主播,5,1,4,6,5,2,6,4,3,3,5,1,2,10,70,81,4,5,3,5,2,2,4,-.74,-32.91,-1.53,10.43,20.43,0,60.5708955223881,2.98507462686567,-40.5532969480954
3kM1DWe1,z7lbrQJe,cdm****ielLF,2023-02-13 17:00:48,2023-02-13 17:03:43,175,1,i2AJfe,电商直播影响力研究,124.166.248.189,113.5875231,37.8573686,中国,山西省,阳泉市,COMPUTER,Windows,WeChat,1920px*1080px,进入直播室-A主播,6,1,4,5,6,1,7,6,4,3,6,1,1,2,74,62,4,3,3,5,1,5,1,.26,-40.91,-2.53,14.43,1.43,0,60.5708955223881,2.98507462686567,-2.83687903764759
1kMrgy79,Ke5ZpdnM,cdm****x2Lfx,2023-02-13 17:07:05,2023-02-13 17:08:43,98,1,i2AJfe,电商直播影响力研究,222.20.193.226,114.3215364,30.5673932,中国,湖北省,武汉市,MOBILE,Android,WeChat,400px*867px,进入直播室-A主播,5,1,4,5,5,2,5,5,3,3,5,1,1,28,62,59,4,3,3,5,2,2,4,-.74,-14.91,-2.53,2.43,-1.57,0,60.5708955223881,2.98507462686567,3.11834484294943
qVMJjBMn,pLzKaR1e,cdm****b6R8c,2023-02-14 18:21:17,2023-02-14 18:23:34,137,1,i2AJfe,电商直播影响力研究,223.86.183.246,104.7222752,31.4671876,中国,四川省,绵阳市,MOBILE,Android,WeChat,360px*800px,进入直播室-A主播,5,1,4,6,4,1,7,2,4,3,5,1,2,7,6,49,3,4,3,5,2,2,2,-.74,-35.91,-1.53,-53.57,-11.57,-1,60.5708955223881,2.98507462686567,22.9690911116061
E9LQ0G7P,0eyKjdE7,cdm****8vmRL,2023-02-13 10:08:02,2023-02-13 10:11:45,223,1,i2AJfe,电商直播影响力研究,59.51.120.171,112.6189292,26.8895966,中国,湖南省,衡阳市,MOBILE,Android,WeChat,360px*760px,进入直播室-A主播,6,1,5,5,6,2,5,5,4,3,6,1,3,16,45,69,5,4,3,5,2,2,2,.26,-26.91,-.53,-14.57,8.43,0,60.5708955223881,2.98507462686567,-16.7324014257073
rDMxb0Ly,KLOG4ldL,cdm****9sVjQ,2023-02-13 10:39:11,2023-02-13 10:43:57,286,1,i2AJfe,电商直播影响力研究,218.17.207.51,114.0867734,22.5383279,中国,广东省,深圳市,COMPUTER,Windows,WeChat,1536px*864px,进入直播室-A主播,3,1,5,2,3,1,7,2,1,3,3,1,1,8,71,27,3,1,3,5,2,2,4,-2.74,-34.91,-2.53,11.43,-33.57,0,60.5708955223881,2.98507462686567,66.6407329026509
qVMJok7n,DMxKR45e,cdm****znjKc,2023-02-13 10:56:39,2023-02-13 10:58:29,110,1,i2AJfe,电商直播影响力研究,112.224.138.250,118.4690930,36.7068670,中国,山东省,潍坊市,MOBILE,Android,WeChat,400px*867px,进入直播室-A主播,6,1,5,6,6,1,5,5,5,3,6,1,1,42,73,67,5,5,3,5,2,4,6,.26,-.909999999999997,-2.53,13.43,6.43,0,60.5708955223881,2.98507462686567,-12.7622521719759
6QL0vNMb,pLzKaOze,冯*,2023-02-13 11:28:13,2023-02-13 11:30:18,125,1,i2AJfe,电商直播影响力研究,183.128.18.54,120.1756480,30.2471790,中国,浙江省,杭州市,MOBILE,iOS,Apple WebKit,390px*844px,进入直播室-A主播,4,1,5,5,4,1,6,4,2,3,4,1,2,20,80,80,5,4,3,5,2,2,5,-1.74,-22.91,-1.53,20.43,19.43,0,60.5708955223881,2.98507462686567,-38.5682223212297
nxLV0lMY,5LwKnaqL,cdm****SZ48W,2023-02-13 15:51:45,2023-02-13 15:54:29,164,1,i2AJfe,电商直播影响力研究,223.104.41.202,116.4439400,39.8461410,中国,北京市,市辖区,MOBILE,Android,Chrome,360px*804px,进入直播室-A主播,5,1,5,6,5,1,5,4,4,3,6,1,3,65,30,30,4,4,3,5,2,4,5,-.74,22.09,-.53,-29.57,-30.57,0,60.5708955223881,2.98507462686567,60.6855090220539
a5LmkAMW,2MdbVmmL,cdm****4VzVD,2023-02-13 17:00:35,2023-02-13 17:02:34,119,1,i2AJfe,电商直播影响力研究,1.196.134.248,112.5535798,32.9972810,中国,河南省,南阳市,COMPUTER,Windows,Chrome,1440px*900px,进入直播室-A主播,6,1,5,6,6,1,7,4,4,3,6,1,3,10,22,35,5,2,3,5,1,3,6,.26,-32.91,-.53,-37.57,-25.57,0,60.5708955223881,2.98507462686567,50.7601358877255
Xoe4xaeV,kMrKqX07,cdm****fW0RI,2023-02-14 10:38:45,2023-02-14 10:40:50,125,1,i2AJfe,电商直播影响力研究,61.163.21.195,114.3105400,34.8186390,中国,河南省,开封市,MOBILE,Android,Chrome,360px*803px,进入直播室-A主播,7,1,5,3,7,1,6,6,3,3,7,1,1,2,21,66,4,3,3,5,2,2,2,1.26,-40.91,-2.53,-38.57,5.43,0,60.5708955223881,2.98507462686567,-10.7771775451103
pxMoJnen,WMRlRKDL,cdm****P0Tk7,2023-02-14 16:27:56,2023-02-14 16:32:48,292,1,i2AJfe,电商直播影响力研究,106.224.104.26,115.9191298,28.6745131,中国,江西省,南昌市,COMPUTER,Windows,Chrome,1280px*720px,进入直播室-A主播,6,1,5,6,7,1,7,3,5,3,6,1,5,60,85,100,4,3,3,5,2,2,5,.26,17.09,1.47,25.43,39.43,1,60.5708955223881,2.98507462686567,-78.2697148585431
YKLOGYLk,QL0Z5yNM,cdm****PGkMi,2023-02-14 18:18:41,2023-02-14 18:22:02,201,1,i2AJfe,电商直播影响力研究,39.144.141.234,104.9862740,29.1820240,中国,四川省,自贡市,MOBILE,Android,WeChat,400px*867px,进入直播室-A主播,6,1,5,6,6,1,7,4,5,3,6,1,2,15,66,77,4,4,3,5,1,4,5,.26,-27.91,-1.53,6.43,16.43,0,60.5708955223881,2.98507462686567,-32.6129984406327
6QL0ZqMb,8MZlJKDL,cdm****9XmDH,2023-02-14 18:29:39,2023-02-14 18:33:12,213,1,i2AJfe,电商直播影响力研究,42.58.246.166,122.0691508,41.1427804,中国,辽宁省,盘锦市,MOBILE,Android,Chrome,393px*851px,进入直播室-A主播,6,1,5,3,6,1,6,6,2,3,6,1,2,6,22,55,3,2,3,5,1,4,4,.26,-36.91,-1.53,-37.57,-5.57,0,60.5708955223881,2.98507462686567,11.0586433504121
YKLODxek,ve8m080M,cdm****yaI6l,2023-02-14 15:26:46,2023-02-14 15:33:45,419,1,i2AJfe,电商直播影响力研究,36.249.183.2,118.1226075,24.4829228,中国,福建省,厦门市,COMPUTER,Windows,Chrome,1360px*768px,进入直播室-A主播,7,1,6,2,7,1,3,6,5,3,7,1,6,45,75,70,3,7,3,5,1,2,5,1.26,2.09,2.47,15.43,9.43,0,60.5708955223881,2.98507462686567,-18.717476052573
wz7A2yLD,KLOG4wNL,cdm****wfTQV,2023-02-09 14:34:14,2023-02-09 14:36:31,137,1,i2AJfe,电商直播影响力研究,222.205.46.163,120.2188504,30.2398990,中国,浙江省,杭州市,COMPUTER,Windows,Chrome,1707px*960px,进入直播室-B主播,6,2,2,5,6,7,6,6,5,3,6,2,2,80,71,78,2,6,1,5,1,2,3,.26,37.09,-1.53,11.43,17.43,0,60.5708955223881,2.98507462686567,-17.1689685898864
wWMRd8L9,5LwKnbYL,cdm****RfZy4,2023-02-08 10:08:41,2023-02-08 10:11:30,169,1,i2AJfe,电商直播影响力研究,123.117.249.45,116.3974589,39.9388838,中国,北京市,市辖区,COMPUTER,Windows,Chrome,1280px*1024px,进入直播室-B主播,5,2,2,6,5,6,2,6,4,3,5,2,1,5,88,88,2,4,1,5,2,3,5,-.74,-37.91,-2.53,28.43,27.43,0,60.5708955223881,2.98507462686567,-27.0197148585431
r2MdXXMw,RMWlOzG7,cdm****XZSY9,2023-02-08 18:27:46,2023-02-08 18:30:07,141,1,i2AJfe,电商直播影响力研究,222.223.187.11,114.5054340,38.0430537,中国,河北省,石家庄市,COMPUTER,Linux,Chrome,1920px*1080px,进入直播室-B主播,4,2,3,3,5,7,5,5,5,3,4,2,1,5,65,70,3,5,1,5,1,3,5,-1.74,-37.91,-2.53,5.43,9.43,1,60.5708955223881,2.98507462686567,-9.28837157496102
qVMJXOLn,xebbEmne,cdm****URkxQ,2023-02-09 14:30:34,2023-02-09 14:33:06,152,1,i2AJfe,电商直播影响力研究,117.36.5.212,108.9410144,34.2740836,中国,陕西省,西安市,COMPUTER,Windows,Chrome,1536px*864px,进入直播室-B主播,7,2,3,4,7,7,5,7,6,3,7,2,3,20,65,75,3,5,1,5,1,3,4,1.26,-22.91,-.53,5.43,14.43,0,60.5708955223881,2.98507462686567,-14.2137447092894
YKLOoALk,BMDgYEoe,cdm****EJP1a,2023-02-09 12:20:14,2023-02-09 12:22:10,116,1,i2AJfe,电商直播影响力研究,106.47.254.80,117.2157365,39.1304422,中国,天津市,市辖区,COMPUTER,Windows,Firefox,1536px*864px,进入直播室-B主播,6,2,3,5,5,6,6,6,6,3,6,2,2,15,43,45,3,5,1,5,1,2,4,.26,-27.91,-1.53,-16.57,-15.57,-1,60.5708955223881,2.98507462686567,15.3384940966808
1veEv6MG,WMRlRrdL,cdm****h99i7,2023-02-07 19:14:23,2023-02-07 19:18:31,248,1,i2AJfe,电商直播影响力研究,121.27.128.33,114.4916153,37.0722339,中国,河北省,邢台市,COMPUTER,Windows,Chrome,1536px*864px,进入直播室-B主播,4,2,3,5,5,7,6,5,4,3,4,2,3,25,20,40,3,5,1,5,1,5,4,-1.74,-17.91,-.53,-39.57,-20.57,1,60.5708955223881,2.98507462686567,20.2638672310091
dqM6NRMx,5M2Zx62M,cdm****6ZRaK,2023-02-09 18:48:12,2023-02-09 18:50:50,158,1,i2AJfe,电商直播影响力研究,175.16.122.27,126.5683473,43.8546728,中国,吉林省,吉林市,COMPUTER,Windows,Chrome,1536px*864px,进入直播室-B主播,6,2,3,5,6,7,5,6,5,3,6,2,3,10,20,25,2,4,1,5,2,2,4,.26,-32.91,-.53,-39.57,-35.57,0,60.5708955223881,2.98507462686567,35.0399866339942
0Jekmd7z,xMobQxRe,Z*h,2023-02-12 17:48:48,2023-02-12 17:51:52,184,1,i2AJfe,电商直播影响力研究,113.143.209.27,110.4298050,32.9862500,中国,湖北省,十堰市,MOBILE,Android,Chrome,360px*800px,进入直播室-B主播,6,2,3,6,3,7,7,5,5,3,6,2,2,4,77,69,3,3,1,5,1,2,4,.26,-38.91,-1.53,17.43,8.43,-3,60.5708955223881,2.98507462686567,-8.30329694809535
o4en5nL1,J7qK8Rqe,cdm****gObNC,2023-02-08 09:49:59,2023-02-08 09:54:06,247,1,i2AJfe,电商直播影响力研究,8.210.136.176,116.9948140,23.6661900,中国,广东省,潮州市,MOBILE,Android,Chrome,360px*770px,进入直播室-B主播,5,2,3,6,4,6,5,3,2,3,5,2,2,11,50,40,2,3,1,5,1,2,3,-.74,-31.91,-1.53,-9.57,-20.57,-1,60.5708955223881,2.98507462686567,20.2638672310091
QJ7ByjMR,G7XlxZG7,cdm****nto5s,2023-02-11 17:36:24,2023-02-11 17:39:56,212,1,i2AJfe,电商直播影响力研究,113.85.113.72,116.6833440,23.4684940,中国,广东省,潮州市,MOBILE,Android,WeChat,400px*889px,进入直播室-B主播,5,2,3,6,5,7,3,5,4,3,5,2,1,30,10,90,3,4,1,5,2,3,5,-.74,-12.91,-2.53,-49.57,29.43,0,60.5708955223881,2.98507462686567,-28.9898641122745
o4enKdM1,37Ko8lG7,cdm****2OcX0,2023-02-10 10:22:54,2023-02-10 10:26:58,244,1,i2AJfe,电商直播影响力研究,119.145.28.208,114.0867734,22.5383279,中国,广东省,深圳市,COMPUTER,Windows,Chrome,1600px*900px,进入直播室-B主播,7,2,3,6,6,7,7,7,7,3,7,2,2,60,80,90,2,5,1,5,2,2,5,1.26,17.09,-1.53,20.43,29.43,-1,60.5708955223881,2.98507462686567,-28.9898641122745
E9LQDv7P,2MdbV9ZL,cdm****0zVFa,2023-02-09 18:52:20,2023-02-09 18:58:19,359,1,i2AJfe,电商直播影响力研究,219.132.205.207,113.7598830,22.9955540,中国,广东省,东莞市,COMPUTER,Windows,Chrome,1440px*900px,进入直播室-B主播,6,2,4,2,5,7,4,6,5,3,5,2,3,18,15,70,4,5,1,5,1,2,4,.26,-24.91,-.53,-44.57,9.43,-1,60.5708955223881,2.98507462686567,-9.28837157496102
0JekAd7z,xebbE8ke,cdm****Edq0j,2023-02-11 20:10:02,2023-02-11 20:13:50,228,1,i2AJfe,电商直播影响力研究,175.174.227.25,121.7084520,39.1070860,中国,辽宁省,大连市,MOBILE,Android,Chrome,360px*640px,进入直播室-B主播,7,2,4,2,7,6,6,7,7,3,7,2,5,30,60,60,4,7,1,5,1,5,4,1.26,-12.91,1.47,.43,-.57,0,60.5708955223881,2.98507462686567,.562374693695698
Kme3aE7O,me3bvoRL,cdm****AmIUY,2023-02-11 17:37:26,2023-02-11 17:42:59,333,1,i2AJfe,电商直播影响力研究,223.104.9.145,104.0857030,30.6896900,中国,四川省,成都市,MOBILE,Android,WeChat,400px*867px,进入直播室-B主播,5,2,4,3,5,6,6,6,6,3,5,2,1,33,47,65,4,5,1,5,2,2,3,-.74,-9.91,-2.53,-12.57,4.43,0,60.5708955223881,2.98507462686567,-4.36299844063266
xpLzAk7E,pLzKa68e,cdm****kV3zV,2023-02-09 14:48:47,2023-02-09 14:53:34,287,1,i2AJfe,电商直播影响力研究,111.187.24.62,121.4767528,31.2243490,中国,上海市,市辖区,COMPUTER,Windows,Chrome,1440px*900px,进入直播室-B主播,5,2,4,3,5,6,5,5,4,3,5,2,1,20,60,70,4,4,1,5,1,3,5,-.74,-22.91,-2.53,.43,9.43,0,60.5708955223881,2.98507462686567,-9.28837157496102
JaMgjlew,WLGdwZ5e,cdm****hT62H,2023-02-08 08:27:28,2023-02-08 08:31:42,254,1,i2AJfe,电商直播影响力研究,111.170.221.200,111.2578200,31.8785740,中国,湖北省,襄阳市,MOBILE,iOS,Apple WebKit,390px*844px,进入直播室-B主播,6,2,4,3,6,6,4,7,6,3,7,2,3,8,43,47,5,6,1,5,1,4,3,.26,-34.91,-.53,-16.57,-13.57,0,60.5708955223881,2.98507462686567,13.3683448429494
1kMrBpM9,Ke5ZpV4M,马*源,2023-02-07 22:38:49,2023-02-07 22:43:41,292,1,i2AJfe,电商直播影响力研究,223.220.73.45,101.7502080,36.6047200,中国,青海省,西宁市,MOBILE,iOS,Apple WebKit,414px*896px,进入直播室-B主播,6,2,4,3,6,6,6,6,4,3,6,2,5,38,53,25,4,6,1,1,1,4,5,.26,-4.91,1.47,-6.57,-35.57,0,60.5708955223881,2.98507462686567,35.0399866339942
JyevZAe9,z7AymOD7,cdm****Y2LJo,2023-02-08 11:14:08,2023-02-08 11:17:18,190,1,i2AJfe,电商直播影响力研究,113.111.5.128,113.3893937,23.1565381,中国,广东省,广州市,COMPUTER,Windows,Chrome,1920px*1080px,进入直播室-B主播,6,2,4,3,6,7,6,7,6,3,6,2,2,10,30,40,4,6,1,5,2,2,2,.26,-32.91,-1.53,-29.57,-20.57,0,60.5708955223881,2.98507462686567,20.2638672310091
K0eyv9MQ,leNl2xW7,cdm****hahIe,2023-02-09 21:13:30,2023-02-09 21:15:20,110,1,i2AJfe,电商直播影响力研究,42.177.0.91,124.3817568,40.1426088,中国,辽宁省,丹东市,COMPUTER,Windows,Chrome,1536px*864px,进入直播室-B主播,6,2,4,4,6,6,3,6,3,3,6,2,1,5,53,55,4,4,1,5,1,4,6,.26,-37.91,-2.53,-6.57,-5.57,0,60.5708955223881,2.98507462686567,5.48774782802406
a5LmjKeW,z7Aym3y7,cdm****0DojJ,2023-02-10 19:55:14,2023-02-10 20:02:11,417,1,i2AJfe,电商直播影响力研究,124.89.114.139,109.9457240,35.1907480,中国,陕西省,渭南市,MOBILE,Android,WeChat,340px*680px,进入直播室-B主播,5,2,4,5,4,6,6,6,5,3,5,2,5,68,64,67,5,6,1,5,2,5,2,-.74,25.09,1.47,4.43,6.43,-1,60.5708955223881,2.98507462686567,-6.333147694364
Wo7jolLw,kMrKqv67,cdm****IhH31,2023-02-11 11:55:06,2023-02-11 11:59:55,289,1,i2AJfe,电商直播影响力研究,119.36.12.135,112.2032980,30.9999100,中国,湖北省,荆门市,MOBILE,Android,WeChat,361px*801px,进入直播室-B主播,6,2,4,5,5,7,6,6,6,3,6,2,3,26,56,69,4,5,1,5,2,4,6,.26,-16.91,-.53,-3.57,8.43,-1,60.5708955223881,2.98507462686567,-8.30329694809535
Y5M2k274,xLVl5rzM,cdm****r3X0w,2023-02-08 08:56:54,2023-02-08 08:59:58,184,1,i2AJfe,电商直播影响力研究,120.85.130.6,113.3893937,23.1565381,中国,广东省,广州市,COMPUTER,Windows,Firefox,1366px*768px,进入直播室-B主播,6,2,4,5,6,6,5,6,5,3,6,2,2,5,20,75,4,5,1,5,1,3,5,.26,-37.91,-1.53,-39.57,14.43,0,60.5708955223881,2.98507462686567,-14.2137447092894
K0ey9EeQ,nePDd5re,cdm****Yk8vY,2023-02-12 18:34:05,2023-02-12 18:41:22,437,1,i2AJfe,电商直播影响力研究,202.102.86.61,120.6692150,31.3122970,中国,江苏省,苏州市,MOBILE,Android,WeChat,400px*867px,进入直播室-B主播,7,2,4,5,7,7,6,7,5,3,7,2,5,60,50,55,4,4,1,5,2,3,6,1.26,17.09,1.47,-9.57,-5.57,0,60.5708955223881,2.98507462686567,5.48774782802406
1veEgW7G,QL0Z5oVM,cdm****QihYq,2023-02-11 16:17:51,2023-02-11 16:20:48,177,1,i2AJfe,电商直播影响力研究,223.104.20.3,114.3215364,30.5673932,中国,湖北省,武汉市,MOBILE,Android,WeChat,400px*889px,进入直播室-B主播,6,2,4,6,6,7,6,7,6,3,6,2,5,44,42,52,4,5,1,5,2,2,4,.26,1.09,1.47,-17.57,-8.57,0,60.5708955223881,2.98507462686567,8.44297170862107
XRMW3XMz,aMgbm2ke,cdm****CrKOF,2023-02-10 19:04:28,2023-02-10 19:07:59,211,1,i2AJfe,电商直播影响力研究,183.6.9.99,113.2924320,23.0953190,中国,广东省,广州市,MOBILE,Android,WeChat,400px*845px,进入直播室-B主播,6,2,4,6,6,7,7,6,5,3,6,2,3,48,50,50,4,6,1,5,2,3,5,.26,5.09,-.53,-9.57,-10.57,0,60.5708955223881,2.98507462686567,10.4131209623524
dqM6qRex,5LwKnXzL,cdm****bFlzw,2023-02-09 09:46:26,2023-02-09 09:50:06,220,1,i2AJfe,电商直播影响力研究,1.194.20.169,113.6482322,34.7492146,中国,河南省,郑州市,COMPUTER,Windows,Chrome,1440px*900px,进入直播室-B主播,6,2,4,6,6,7,6,7,6,3,6,2,6,68,50,58,4,7,1,5,2,4,4,.26,25.09,2.47,-9.57,-2.57,0,60.5708955223881,2.98507462686567,2.53252394742704
gBMD6kLd,DMxKRXme,cdm****J5zUv,2023-02-10 19:16:33,2023-02-10 19:19:22,169,1,i2AJfe,电商直播影响力研究,175.30.106.117,125.2449390,43.8120420,中国,吉林省,长春市,MOBILE,Android,WeChat,360px*735px,进入直播室-B主播,7,2,4,7,7,7,6,7,6,3,7,2,5,33,56,51,5,6,1,5,1,4,6,1.26,-9.91,1.47,-3.57,-9.57,0,60.5708955223881,2.98507462686567,9.42804633548674
rDMxj9Ly,WLGdwpNe,cdm****by28U,2023-02-08 11:11:54,2023-02-08 11:15:25,211,1,i2AJfe,电商直播影响力研究,112.37.146.166,117.4393020,37.8188110,中国,山东省,德州市,MOBILE,Android,Chrome,360px*800px,进入直播室-B主播,6,2,5,3,5,5,5,6,6,3,6,2,5,58,64,73,4,5,1,2,2,3,5,.26,15.09,1.47,4.43,12.43,-1,60.5708955223881,2.98507462686567,-12.243595455558
Xxeb5YLD,5M2ZxVDM,cdm****x7Zb9,2023-02-07 20:16:13,2023-02-07 20:18:03,110,1,i2AJfe,电商直播影响力研究,221.192.180.210,114.5757100,38.0156960,中国,河北省,石家庄市,MOBILE,Android,Chrome,393px*851px,进入直播室-B主播,6,2,5,3,6,6,3,6,3,3,6,2,2,34,31,37,3,4,1,1,2,3,3,.26,-8.91,-1.53,-28.57,-23.57,0,60.5708955223881,2.98507462686567,23.2190911116062
w5Lw01el,J7qK855e,cdm****giLeS,2023-02-09 10:12:49,2023-02-09 10:18:56,367,1,i2AJfe,电商直播影响力研究,101.93.234.146,121.4767528,31.2243490,中国,上海市,市辖区,COMPUTER,Windows,Chrome,1440px*900px,进入直播室-B主播,6,2,5,3,6,7,5,6,5,3,6,2,3,25,55,50,4,5,1,5,1,2,5,.26,-17.91,-.53,-4.57,-10.57,0,60.5708955223881,2.98507462686567,10.4131209623524
zJ7qZyL0,Ke5Zpq4M,cdm****QjDh8,2023-02-08 17:51:34,2023-02-08 17:58:55,441,1,i2AJfe,电商直播影响力研究,27.27.244.162,112.1531153,32.0612032,中国,湖北省,襄阳市,COMPUTER,Windows,Chrome,1536px*864px,进入直播室-B主播,6,2,5,3,6,7,7,7,7,3,6,2,1,55,16,5,5,7,1,5,2,3,5,.26,12.09,-2.53,-43.57,-55.57,0,60.5708955223881,2.98507462686567,54.7414791713076
wWMR59e9,kM1ZO0z7,cdm****Fq6PY,2023-02-10 12:02:26,2023-02-10 12:05:25,179,1,i2AJfe,电商直播影响力研究,114.226.21.48,119.9393911,31.7558433,中国,江苏省,常州市,MOBILE,iOS,WeChat,414px*896px,进入直播室-B主播,5,2,5,5,5,6,6,6,6,3,5,2,5,40,70,72,4,6,1,5,2,4,5,-.74,-2.91,1.47,10.43,11.43,0,60.5708955223881,2.98507462686567,-11.2585208286924
ZG7XRBe3,veE2X8WM,cdm****8GJul,2023-02-12 15:46:59,2023-02-12 15:49:57,178,1,i2AJfe,电商直播影响力研究,222.141.178.105,114.0494693,32.9796577,中国,河南省,驻马店市,MOBILE,Android,Chrome,360px*748px,进入直播室-B主播,6,2,5,6,5,6,6,6,6,3,6,2,6,75,80,77,5,6,1,5,1,5,5,.26,32.09,2.47,20.43,16.43,-1,60.5708955223881,2.98507462686567,-16.1838939630207
E9LQ2YeP,27abWqVL,cdm****wqXOr,2023-02-08 17:45:11,2023-02-08 17:50:25,314,1,i2AJfe,电商直播影响力研究,218.66.68.71,119.3151122,26.0740670,中国,福建省,福州市,COMPUTER,Windows,Chrome,1920px*1080px,进入直播室-B主播,5,2,5,6,5,6,5,6,5,3,5,2,5,54,38,54,4,5,1,5,1,3,5,-.74,11.09,1.47,-21.57,-6.57,0,60.5708955223881,2.98507462686567,6.47282245488973
3kM1lQe1,5M2ZxvAM,cdm****Ut5BS,2023-02-11 18:50:06,2023-02-11 18:54:02,236,1,i2AJfe,电商直播影响力研究,117.136.23.154,109.4913555,30.2891229,中国,湖北省,恩施土家族苗族自治州,MOBILE,Android,WeChat,400px*867px,进入直播室-B主播,6,2,5,6,6,7,6,6,5,3,6,2,2,30,20,20,5,6,1,5,2,2,5,.26,-12.91,-1.53,-39.57,-40.57,0,60.5708955223881,2.98507462686567,39.9653597683226
rDMxOaey,G7XlxQG7,cdm****0DnFi,2023-02-10 13:37:24,2023-02-10 13:41:53,269,1,i2AJfe,电商直播影响力研究,14.150.77.162,113.3893937,23.1565381,中国,广东省,广州市,MOBILE,iOS,WeChat,375px*812px,进入直播室-B主播,6,2,5,6,6,7,6,6,6,3,6,2,5,60,79,65,5,6,1,5,2,4,7,.26,17.09,1.47,19.43,4.43,0,60.5708955223881,2.98507462686567,-4.36299844063266
r2MdyX7w,9LQlnoY7,cdm****aqdmT,2023-02-09 11:26:01,2023-02-09 11:31:19,318,1,i2AJfe,电商直播影响力研究,111.183.5.135,114.8922408,30.4495180,中国,湖北省,黄冈市,COMPUTER,Windows,Chrome,1951px*1098px,进入直播室-B主播,6,2,5,6,7,7,7,7,6,3,6,2,5,50,70,87,5,6,1,5,2,5,5,.26,7.09,1.47,10.43,26.43,1,60.5708955223881,2.98507462686567,-26.0346402316774
zJ7qwge0,J7B86Kje,cdm****k9nr0,2023-02-12 19:47:49,2023-02-12 19:50:01,132,1,i2AJfe,电商直播影响力研究,180.102.134.226,118.7790590,32.0569310,中国,江苏省,南京市,COMPUTER,Windows,Chrome,1920px*1080px,进入直播室-B主播,6,2,6,5,6,7,2,7,6,3,6,2,6,69,15,18,6,5,1,5,2,4,5,.26,26.09,2.47,-44.57,-42.57,0,60.5708955223881,2.98507462686567,41.9355090220539
Jz7lbpeQ,AM969jV7,cdm****c2FgB,2023-02-14 18:18:44,2023-02-14 18:21:03,139,1,i2AJfe,电商直播影响力研究,118.72.244.153,113.3036435,40.0911944,中国,山西省,大同市,MOBILE,Android,WeChat,303px*672px,进入直播室-B主播,6,2,2,4,5,7,4,5,3,3,6,2,1,8,92,88,2,4,1,5,2,2,1,.26,-34.91,-2.53,32.43,27.43,-1,60.5708955223881,2.98507462686567,-27.0197148585431
vp7YEb7a,BepK3vwL,L**Yun,2023-02-13 07:11:01,2023-02-13 07:15:09,248,1,i2AJfe,电商直播影响力研究,117.136.40.138,113.6746400,23.2756330,中国,广东省,广州市,MOBILE,iOS,Apple WebKit,390px*844px,进入直播室-B主播,6,2,3,4,6,6,5,6,5,3,6,2,2,10,73,81,2,5,1,5,1,4,5,.26,-32.91,-1.53,13.43,20.43,0,60.5708955223881,2.98507462686567,-20.1241924704834
xpLzp1ME,RMWlOVJ7,cdm****5X0Un,2023-02-13 12:28:42,2023-02-13 12:32:04,202,1,i2AJfe,电商直播影响力研究,14.150.95.247,113.5464550,23.1534930,中国,广东省,广州市,MOBILE,Android,Chrome,360px*800px,进入直播室-B主播,7,2,3,7,3,6,6,6,6,3,7,2,1,13,17,18,3,3,1,5,2,3,5,1.26,-29.91,-2.53,-42.57,-42.57,-4,60.5708955223881,2.98507462686567,41.9355090220539
Wo7j3nLw,BepK3kAL,cdm****d8R5g,2023-02-14 18:16:12,2023-02-14 18:18:32,140,1,i2AJfe,电商直播影响力研究,121.29.90.50,115.6869700,37.7172010,中国,河北省,衡水市,MOBILE,Android,WeChat,400px*867px,进入直播室-B主播,6,2,3,6,5,2,6,4,4,3,6,2,2,10,50,20,3,4,1,5,2,2,1,.26,-32.91,-1.53,-9.57,-40.57,-1,60.5708955223881,2.98507462686567,39.9653597683226
027abDLA,leNl2KR7,cdm****l61SO,2023-02-14 18:18:34,2023-02-14 18:20:09,95,1,i2AJfe,电商直播影响力研究,218.68.234.252,117.1724030,39.1168020,中国,天津市,市辖区,MOBILE,Android,WeChat,400px*832px,进入直播室-B主播,6,2,3,5,5,5,5,6,6,3,6,2,4,38,71,76,4,5,1,5,1,2,5,.26,-4.91,.47,11.43,15.43,-1,60.5708955223881,2.98507462686567,-15.1988193361551
JaMgVyew,oe4ZJWW7,cdm****fnDtQ,2023-02-13 10:18:53,2023-02-13 10:21:16,143,1,i2AJfe,电商直播影响力研究,117.136.52.248,114.3738540,30.4874650,中国,湖北省,武汉市,MOBILE,Android,Chrome,321px*705px,进入直播室-B主播,5,2,4,3,6,7,6,6,5,3,5,2,3,48,60,63,4,6,1,5,1,7,4,-.74,5.09,-.53,.43,2.43,1,60.5708955223881,2.98507462686567,-2.39284918690132
2AM9VV76,WLGdwVxe,cdm****iIfZ2,2023-02-13 11:55:13,2023-02-13 11:57:24,131,1,i2AJfe,电商直播影响力研究,114.254.2.144,116.3405930,39.9606850,中国,北京市,市辖区,MOBILE,Android,Chrome,360px*800px,进入直播室-B主播,6,2,4,5,6,6,5,6,6,3,6,2,2,14,73,55,4,6,1,5,2,2,5,.26,-28.91,-1.53,13.43,-5.57,0,60.5708955223881,2.98507462686567,5.48774782802406
XRMWD07z,yevKdRXM,cdm****IBrb1,2023-02-13 12:39:32,2023-02-13 12:50:33,661,1,i2AJfe,电商直播影响力研究,223.106.2.123,120.6458205,31.3249393,中国,江苏省,苏州市,COMPUTER,Mac OS X,Chrome,1440px*900px,进入直播室-B主播,6,2,4,5,6,7,4,6,5,3,6,2,3,12,48,61,4,5,1,5,1,3,4,.26,-30.91,-.53,-11.57,.43,0,60.5708955223881,2.98507462686567,-.422699933169974
1veENAMG,qM6ZAnPM,cdm****MNAvM,2023-02-13 15:36:08,2023-02-13 15:39:16,188,1,i2AJfe,电商直播影响力研究,112.36.86.28,117.0788680,35.8591590,中国,山东省,泰安市,MOBILE,Android,Chrome,424px*942px,进入直播室-B主播,6,2,4,5,5,5,6,5,3,3,5,2,5,29,8,9,4,5,1,5,1,2,3,.26,-13.91,1.47,-51.57,-51.57,-1,60.5708955223881,2.98507462686567,50.801180663845
pxMoynLn,9LQlnVQ7,cdm****WiIbw,2023-02-13 16:44:01,2023-02-13 16:47:42,221,1,i2AJfe,电商直播影响力研究,119.3.119.20,121.6234870,31.2558360,中国,上海市,市辖区,MOBILE,Android,Chrome,360px*780px,进入直播室-B主播,5,2,4,5,5,6,6,5,6,3,5,2,2,4,30,49,4,5,1,5,2,4,7,-.74,-38.91,-1.53,-29.57,-11.57,0,60.5708955223881,2.98507462686567,11.3981955892181
Kme3xoMO,oe4ZJ4W7,cdm****qFhFD,2023-02-13 16:54:50,2023-02-13 16:57:27,157,1,i2AJfe,电商直播影响力研究,120.1.120.83,114.5054340,38.0430537,中国,河北省,石家庄市,MOBILE,Android,WeChat,400px*889px,进入直播室-B主播,5,2,4,3,6,7,3,6,5,3,7,2,2,9,16,18,4,6,1,5,2,2,4,-.74,-33.91,-1.53,-43.57,-42.57,1,60.5708955223881,2.98507462686567,41.9355090220539
mWLGdPez,yevKdBWM,cdm****5er6q,2023-02-14 18:35:22,2023-02-14 18:39:32,250,1,i2AJfe,电商直播影响力研究,117.136.23.250,111.4572960,30.3938030,中国,湖北省,宜昌市,MOBILE,Android,WeChat,400px*712px,进入直播室-B主播,6,2,4,5,6,6,6,6,5,3,6,2,2,30,60,60,4,6,1,5,1,4,7,.26,-12.91,-1.53,.43,-.57,0,60.5708955223881,2.98507462686567,.562374693695698
3kM142e1,WMRlRWDL,cdm****ONNEi,2023-02-14 19:45:19,2023-02-14 19:49:19,240,1,i2AJfe,电商直播影响力研究,106.34.67.24,113.0300050,34.7582340,中国,河南省,郑州市,MOBILE,Android,WeChat,400px*889px,进入直播室-B主播,6,2,4,6,6,6,5,6,5,3,6,2,3,7,58,43,4,4,1,5,2,2,3,.26,-35.91,-.53,-1.57,-17.57,0,60.5708955223881,2.98507462686567,17.3086433504121
0ve8l0ep,ve8m0WzM,cdm****chuzn,2023-02-13 10:14:33,2023-02-13 10:20:06,333,1,i2AJfe,电商直播影响力研究,101.82.148.30,121.3723430,31.1882750,中国,上海市,市辖区,MOBILE,iOS,Apple WebKit,390px*844px,进入直播室-B主播,4,2,5,3,4,6,3,4,5,3,4,2,2,55,41,80,4,5,1,5,2,2,4,-1.74,12.09,-1.53,-18.57,19.43,0,60.5708955223881,2.98507462686567,-19.1391178436177
wWMRG579,2MdbVBWL,cdm****vSATN,2023-02-09 11:32:59,2023-02-09 11:35:04,125,1,i2AJfe,电商直播影响力研究,221.207.255.197,126.6520214,45.7572300,中国,黑龙江省,哈尔滨市,COMPUTER,Windows,Firefox,1920px*1080px,进入直播室-C主播,5,3,2,6,4,4,6,4,2,3,5,3,1,8,100,95,2,2,2,5,2,4,3,-.74,-34.91,-2.53,40.43,34.43,-1,60.5708955223881,2.98507462686567,.513867231009127
K0eyzPMQ,p7YxvzZM,cdm****FBRNC,2023-02-09 10:28:31,2023-02-09 10:32:03,212,1,i2AJfe,电商直播影响力研究,111.79.31.190,115.9191298,28.6745131,中国,江西省,南昌市,COMPUTER,Windows,Chrome,1280px*720px,进入直播室-C主播,6,3,2,6,5,4,6,5,1,3,6,3,1,5,25,13,2,3,2,2,2,4,5,.26,-37.91,-2.53,-34.57,-47.57,-1,60.5708955223881,2.98507462686567,-.710013366005783
VnePPXea,kM1ZO9D7,cdm****hxt26,2023-02-08 23:50:09,2023-02-08 23:52:26,137,1,i2AJfe,电商直播影响力研究,183.242.45.117,116.3974589,39.9388838,中国,北京市,市辖区,COMPUTER,Mac OS X,Safari,1440px*900px,进入直播室-C主播,7,3,3,6,6,3,7,3,2,3,7,3,1,30,60,85,3,2,2,5,2,2,5,1.26,-12.91,-2.53,.43,24.43,-1,60.5708955223881,2.98507462686567,.364613499665846
0ve8lzep,37Ko8Wv7,cdm****WBXD8,2023-02-12 19:12:58,2023-02-12 19:16:10,192,1,i2AJfe,电商直播影响力研究,182.108.81.168,116.0014039,29.7024885,中国,江西省,九江市,COMPUTER,Linux,Chrome,1143px*686px,进入直播室-C主播,6,3,4,3,6,4,5,5,5,3,6,5,2,10,20,15,5,6,2,5,1,3,4,.26,-32.91,-1.53,-39.57,-45.57,0,60.5708955223881,2.98507462686567,-.680162619737127
w5LwgqLl,xLVl5ApM,cdm****EEySa,2023-02-12 17:46:12,2023-02-12 17:48:32,140,1,i2AJfe,电商直播影响力研究,159.138.61.55,120.3172150,36.0660920,中国,山东省,青岛市,MOBILE,Android,Chrome,360px*800px,进入直播室-C主播,5,3,4,6,5,4,5,4,1,3,5,3,5,60,30,9,4,3,2,5,1,2,5,-.74,17.09,1.47,-29.57,-51.57,0,60.5708955223881,2.98507462686567,-.769714858543096
dqM64PLx,9LQlnb47,cdm****sysVZ,2023-02-11 18:48:21,2023-02-11 18:53:14,293,1,i2AJfe,电商直播影响力研究,101.93.246.28,121.4767528,31.2243490,中国,上海市,市辖区,MOBILE,Android,Chrome,360px*800px,进入直播室-C主播,6,3,4,2,6,4,3,6,6,3,6,3,1,6,86,95,4,6,2,5,2,2,4,.26,-36.91,-2.53,26.43,34.43,0,60.5708955223881,2.98507462686567,.513867231009127
VneP0rea,KLOG4dAL,cdm****c9InV,2023-02-10 19:14:54,2023-02-10 19:19:18,264,1,i2AJfe,电商直播影响力研究,59.35.115.125,116.7571580,23.3649120,中国,广东省,汕头市,MOBILE,Android,WeChat,401px*881px,进入直播室-C主播,5,3,4,3,5,4,5,5,3,3,5,3,2,30,25,20,4,5,2,5,2,2,4,-.74,-12.91,-1.53,-34.57,-40.57,0,60.5708955223881,2.98507462686567,-.605535754065486
a8MZrjM3,WMRlRj5L,cdm****L1GGf,2023-02-10 19:13:58,2023-02-10 19:19:02,304,1,i2AJfe,电商直播影响力研究,122.192.14.160,119.5664590,32.4088850,中国,江苏省,扬州市,MOBILE,iOS,WeChat,390px*844px,进入直播室-C主播,6,3,4,2,6,4,5,6,5,3,6,3,5,20,63,60,4,5,2,5,2,2,3,.26,-22.91,1.47,3.43,-.57,0,60.5708955223881,2.98507462686567,-.00852082869235895
pxMoPR7n,5M2ZxzkM,cdm****Ayuxo,2023-02-10 19:15:05,2023-02-10 19:18:13,188,1,i2AJfe,电商直播影响力研究,106.108.16.54,104.8949350,25.0603760,中国,贵州省,黔西南布依族苗族自治州,MOBILE,Android,WeChat,400px*867px,进入直播室-C主播,6,3,4,3,6,4,6,6,3,3,6,3,1,33,79,58,4,3,2,5,2,2,4,.26,-9.91,-2.53,19.43,-2.57,0,60.5708955223881,2.98507462686567,-.0383715749610153
wz7AkAeD,9LQlnRv7,cdm****HNpZY,2023-02-10 16:27:33,2023-02-10 16:31:09,216,1,i2AJfe,电商直播影响力研究,121.231.32.123,119.9393911,31.7558433,中国,江苏省,常州市,COMPUTER,Windows,Chrome,1440px*960px,进入直播室-C主播,4,3,4,5,4,4,6,4,2,3,4,3,3,70,85,82,4,4,2,5,2,2,4,-1.74,27.09,-.53,25.43,21.43,0,60.5708955223881,2.98507462686567,.319837380262861
aBepnw7E,JekbXZBL,cdm****a2rWg,2023-02-10 15:54:12,2023-02-10 15:58:14,242,1,i2AJfe,电商直播影响力研究,27.217.73.105,121.4541793,37.4874638,中国,山东省,烟台市,MOBILE,Android,WeChat,400px*712px,进入直播室-C主播,6,3,4,5,6,4,3,6,6,3,6,3,3,20,60,71,4,5,2,5,2,3,5,.26,-22.91,-.53,.43,10.43,0,60.5708955223881,2.98507462686567,.155658275785251
qVMJkd7n,kMrKqE67,cdm****ul1bS,2023-02-10 13:41:30,2023-02-10 13:49:28,478,1,i2AJfe,电商直播影响力研究,220.190.37.163,120.6827010,27.7786950,中国,浙江省,温州市,MOBILE,Android,WeChat,464px*991px,进入直播室-C主播,5,3,4,6,5,4,6,4,6,3,6,3,2,20,75,73,4,4,2,5,2,2,4,-.74,-22.91,-1.53,15.43,12.43,0,60.5708955223881,2.98507462686567,.185509022053907
Xoe4vq7V,WLGdwnae,cdm****gCs3I,2023-02-10 00:20:20,2023-02-10 00:22:26,126,1,i2AJfe,电商直播影响力研究,180.138.97.93,108.3022220,22.8467120,中国,广西壮族自治区,南宁市,MOBILE,Android,Chrome,360px*800px,进入直播室-C主播,7,3,4,5,7,4,4,7,4,3,7,3,3,51,50,50,4,4,2,2,1,2,4,1.26,8.09,-.53,-9.57,-10.57,0,60.5708955223881,2.98507462686567,-.157774560035641
0JekOBez,xLVl5yzM,cdm****4A8g4,2023-02-09 18:53:20,2023-02-09 18:58:00,280,1,i2AJfe,电商直播影响力研究,120.84.10.132,113.1258988,23.0229910,中国,广东省,佛山市,TABLET,iOS,Apple WebKit,375px*667px,进入直播室-C主播,6,3,4,5,6,3,5,5,5,3,6,3,3,0,22,82,4,5,2,4,2,2,3,.26,-42.91,-.53,-37.57,21.43,0,60.5708955223881,2.98507462686567,.319837380262861
ZG7X5GL3,veE2X29M,驀*渊,2023-02-09 18:51:54,2023-02-09 18:55:25,211,1,i2AJfe,电商直播影响力研究,223.96.134.61,117.5178990,34.5375300,中国,山东省,枣庄市,MOBILE,Android,Chrome,360px*803px,进入直播室-C主播,6,3,4,3,6,2,7,6,4,3,6,3,2,68,57,83,4,3,2,5,2,2,1,.26,25.09,-1.53,-2.57,22.43,0,60.5708955223881,2.98507462686567,.334762753397189
VKe52KMx,BMDgYAQe,cdm****dVsXf,2023-02-09 11:44:19,2023-02-09 11:49:14,295,1,i2AJfe,电商直播影响力研究,119.184.29.100,116.3020527,37.4510219,中国,山东省,德州市,COMPUTER,Windows,Chrome,1280px*720px,进入直播室-C主播,5,3,4,6,4,4,5,4,3,3,5,3,1,23,34,18,4,4,2,5,2,2,3,-.74,-19.91,-2.53,-25.57,-42.57,-1,60.5708955223881,2.98507462686567,-.635386500334142
a8MZ61M3,qM6ZA93M,cdm****cSQyQ,2023-02-08 23:41:04,2023-02-08 23:44:58,234,1,i2AJfe,电商直播影响力研究,112.37.219.175,117.5841410,37.7874660,中国,山东省,滨州市,MOBILE,Android,Chrome,360px*780px,进入直播室-C主播,6,3,4,6,6,4,6,6,4,3,6,3,5,0,68,62,4,3,2,4,2,2,3,.26,-42.91,1.47,8.43,1.43,0,60.5708955223881,2.98507462686567,.0213299175762974
0JekGkez,2MdbV4ZL,cdm****bgdnk,2023-02-08 17:46:04,2023-02-08 17:49:40,216,1,i2AJfe,电商直播影响力研究,112.95.175.9,114.0867734,22.5383279,中国,广东省,深圳市,COMPUTER,Linux,Chrome,1920px*1080px,进入直播室-C主播,6,3,4,3,6,4,5,5,7,3,6,3,5,60,70,80,5,6,2,5,2,3,5,.26,17.09,1.47,10.43,19.43,0,60.5708955223881,2.98507462686567,.289986633994205
mWLGxaez,G7Xlx1D7,cdm****RAeIc,2023-02-08 14:56:24,2023-02-08 14:59:09,165,1,i2AJfe,电商直播影响力研究,49.87.1.180,119.0476799,33.6033275,中国,江苏省,淮安市,COMPUTER,Windows,Chrome,1280px*720px,进入直播室-C主播,6,3,4,4,6,4,5,5,5,3,4,3,1,14,85,90,4,4,2,5,2,2,4,.26,-28.91,-2.53,25.43,29.43,0,60.5708955223881,2.98507462686567,.439240365337486
6QL0BQMb,pLzKalKe,cdm****otX4e,2023-02-08 13:34:16,2023-02-08 13:38:45,269,1,i2AJfe,电商直播影响力研究,110.191.216.191,104.0781105,30.6602396,中国,四川省,成都市,COMPUTER,Windows,Chrome,1366px*768px,进入直播室-C主播,5,3,4,5,5,3,6,5,4,3,5,3,3,50,60,52,4,4,2,5,2,2,4,-.74,7.09,-.53,.43,-8.57,0,60.5708955223881,2.98507462686567,-.127923813766984
QJ7B2p7R,kMrKqmY7,cdm****Q79ws,2023-02-07 20:46:24,2023-02-07 20:49:42,198,1,i2AJfe,电商直播影响力研究,182.46.165.244,115.9862978,36.4417325,中国,山东省,聊城市,COMPUTER,Windows,Chrome,1536px*864px,进入直播室-C主播,6,3,4,3,6,5,3,6,5,3,6,3,2,30,50,10,4,6,2,5,1,2,3,.26,-12.91,-1.53,-9.57,-50.57,0,60.5708955223881,2.98507462686567,-.754789485408768
3kM1lBe1,9LQlnbv7,Pri****harm,2023-02-11 18:17:26,2023-02-11 18:21:22,236,1,i2AJfe,电商直播影响力研究,183.162.46.123,117.1703340,31.8590980,中国,安徽省,合肥市,MOBILE,iOS,Apple WebKit,375px*667px,进入直播室-C主播,7,3,5,6,7,5,3,7,6,3,7,3,5,60,20,83,5,7,2,5,1,4,6,1.26,17.09,1.47,-39.57,22.43,0,60.5708955223881,2.98507462686567,.334762753397189
D37K2vME,BMDgYo9e,cdm****RGpyT,2023-02-11 17:26:41,2023-02-11 17:33:57,436,1,i2AJfe,电商直播影响力研究,182.96.59.101,115.9191298,28.6745131,中国,江西省,南昌市,COMPUTER,Windows,Chrome,1536px*864px,进入直播室-C主播,5,3,5,5,5,5,5,5,5,3,5,3,5,53,19,42,5,5,2,5,2,2,2,-.74,10.09,1.47,-40.57,-18.57,0,60.5708955223881,2.98507462686567,-.277177545110266
wz7AgAeD,Ke5ZpZVM,官*琴,2023-02-11 14:05:33,2023-02-11 14:08:20,167,1,i2AJfe,电商直播影响力研究,120.35.44.225,119.5726510,25.8569050,中国,福建省,福州市,MOBILE,iOS,Apple WebKit,390px*844px,进入直播室-C主播,6,3,5,3,6,4,6,5,6,3,6,3,5,25,35,30,3,6,2,5,2,2,4,.26,-17.91,1.47,-24.57,-30.57,0,60.5708955223881,2.98507462686567,-.456282022722204
JaMg4O7w,veE2X59M,cdm****Bj6l2,2023-02-10 13:30:28,2023-02-10 13:32:16,108,1,i2AJfe,电商直播影响力研究,75.76.238.35,-83.0473650,39.9936820, ,Ohio,Upper Arlington,COMPUTER,Windows,Chrome,1280px*800px,进入直播室-C主播,5,3,5,5,5,4,6,4,5,3,5,3,1,0,80,70,4,5,2,5,2,2,6,-.74,-42.91,-2.53,20.43,9.43,0,60.5708955223881,2.98507462686567,.140732902650923
027aGreA,JekbXZkL,cdm****Xgdzj,2023-02-10 12:15:50,2023-02-10 12:19:03,193,1,i2AJfe,电商直播影响力研究,218.26.158.248,112.8036940,39.3974450,中国,山西省,朔州市,MOBILE,Android,WeChat,400px*892px,进入直播室-C主播,6,3,5,5,6,4,5,5,5,3,6,3,2,25,29,35,4,5,2,5,2,3,4,.26,-17.91,-1.53,-30.57,-25.57,0,60.5708955223881,2.98507462686567,-.381655157050563
E9LQD47P,27abWn6L,cdm****HaQAZ,2023-02-09 20:15:37,2023-02-09 20:18:48,191,1,i2AJfe,电商直播影响力研究,171.104.124.31,109.7265700,22.8226040,中国,广西壮族自治区,贵港市,MOBILE,Android,Chrome,360px*780px,进入直播室-C主播,6,3,5,6,6,5,5,5,6,3,6,3,4,42,71,53,6,6,2,4,1,2,1,.26,-.909999999999997,.47,11.43,-7.57,0,60.5708955223881,2.98507462686567,-.112998440632656
XRMWb4ez,AM969Qr7,cdm****amLp7,2023-02-09 14:56:03,2023-02-09 14:58:19,136,1,i2AJfe,电商直播影响力研究,36.100.127.178,102.5616980,36.8865110,中国,青海省,海东市,MOBILE,iOS,Apple WebKit,390px*844px,进入直播室-C主播,6,3,5,3,6,5,5,5,7,3,5,3,5,65,55,35,6,7,2,5,1,4,4,.26,22.09,1.47,-4.57,-25.57,0,60.5708955223881,2.98507462686567,-.381655157050563
ZleNWBMo,z7AymnX7,cdm****85ch3,2023-02-09 14:40:27,2023-02-09 14:43:54,207,1,i2AJfe,电商直播影响力研究,218.77.62.229,113.0240446,28.1978805,中国,湖南省,长沙市,COMPUTER,Windows,Chrome,1920px*1080px,进入直播室-C主播,6,3,5,4,6,4,5,5,5,3,6,3,3,27,29,55,4,5,2,1,2,3,5,.26,-15.91,-.53,-30.57,-5.57,0,60.5708955223881,2.98507462686567,-.0831476943639999
0ve8Ng7p,kM1ZO9z7,cdm****md9ud,2023-02-09 10:28:28,2023-02-09 10:32:47,259,1,i2AJfe,电商直播影响力研究,101.204.60.45,104.0781105,30.6602396,中国,四川省,成都市,COMPUTER,Mac OS X,Safari,1440px*900px,进入直播室-C主播,7,3,5,3,6,5,5,7,7,3,7,3,5,52,32,51,5,6,2,5,2,4,5,1.26,9.09,1.47,-27.57,-9.57,-1,60.5708955223881,2.98507462686567,-.142849186901313
2AM9ydM6,xebbEwye,cdm****Zp3ZP,2023-02-08 20:17:04,2023-02-08 20:24:02,418,1,i2AJfe,电商直播影响力研究,171.14.30.36,115.6447667,34.3999827,中国,河南省,商丘市,COMPUTER,Windows,Chrome,1920px*1080px,进入直播室-C主播,6,3,5,6,6,4,3,6,5,3,6,3,2,15,34,56,5,6,2,1,1,3,4,.26,-27.91,-1.53,-25.57,-4.57,0,60.5708955223881,2.98507462686567,-.0682223212296717
027a9O7A,J7qK8dqe,cdm****NxBtc,2023-02-08 10:22:16,2023-02-08 10:26:06,230,1,i2AJfe,电商直播影响力研究,121.227.80.159,120.6458205,31.3249393,中国,江苏省,苏州市,COMPUTER,Windows,Chrome,1920px*1080px,进入直播室-C主播,6,3,5,6,6,4,3,6,6,3,6,3,5,40,27,47,4,5,2,5,2,2,5,.26,-2.91,1.47,-32.57,-13.57,0,60.5708955223881,2.98507462686567,-.202550679438625
0ve8Pwep,KLOG41EL,cdm****d2rxK,2023-02-08 08:26:32,2023-02-08 08:30:05,213,1,i2AJfe,电商直播影响力研究,61.153.224.114,120.7678664,30.7404874,中国,浙江省,嘉兴市,COMPUTER,Windows,Chrome,1440px*900px,进入直播室-C主播,7,3,5,6,7,4,5,6,6,3,7,3,5,45,28,81,4,5,2,5,1,3,5,1.26,2.09,1.47,-31.57,20.43,0,60.5708955223881,2.98507462686567,.304912007128533
a5Lm2geW,4enbkvWe,cdm****BTLzN,2023-02-07 20:48:53,2023-02-07 20:53:24,271,1,i2AJfe,电商直播影响力研究,219.143.129.127,116.3974589,39.9388838,中国,北京市,市辖区,COMPUTER,Windows,Chrome,1280px*800px,进入直播室-C主播,6,3,5,5,6,4,5,5,3,3,6,3,2,30,60,60,4,3,2,5,2,4,7,.26,-12.91,-1.53,.43,-.57,0,60.5708955223881,2.98507462686567,-.00852082869235895
nxLVdaMY,kM1ZObD7,cdm****meXQP,2023-02-07 19:21:09,2023-02-07 19:26:56,347,1,i2AJfe,电商直播影响力研究,111.199.216.138,116.3974589,39.9388838,中国,北京市,市辖区,COMPUTER,Mac OS X,Safari,1280px*800px,进入直播室-C主播,6,3,5,6,5,4,6,4,2,3,5,3,1,3,84,84,4,5,2,5,1,4,2,.26,-39.91,-2.53,24.43,23.43,-1,60.5708955223881,2.98507462686567,.349688126531517
a5Lm1ALW,RMWlONX7,森*,2023-02-12 21:49:10,2023-02-12 21:53:42,272,1,i2AJfe,电商直播影响力研究,14.221.165.207,113.6700250,22.9065900,中国,广东省,东莞市,MOBILE,iOS,Apple WebKit,375px*667px,进入直播室-C主播,6,3,6,6,6,4,6,6,7,3,6,3,6,70,30,63,5,6,2,5,1,4,5,.26,27.09,2.47,-29.57,2.43,0,60.5708955223881,2.98507462686567,.0362552907106256
a5LmNxeW,ve8m0bBM,cdm****87Upv,2023-02-11 18:41:32,2023-02-11 18:47:35,363,1,i2AJfe,电商直播影响力研究,114.96.9.23,115.8648690,32.9143690,中国,安徽省,阜阳市,MOBILE,Android,Chrome,393px*873px,进入直播室-C主播,6,3,6,7,6,4,5,6,6,3,6,3,4,50,15,30,6,6,2,5,1,3,5,.26,7.09,.47,-44.57,-30.57,0,60.5708955223881,2.98507462686567,-.456282022722204
K0eyg97Q,37Ko8qK7,cdm****BnYbf,2023-02-11 01:32:29,2023-02-11 01:38:34,365,1,i2AJfe,电商直播影响力研究,111.78.149.156,114.9940360,27.1058462,中国,江西省,吉安市,MOBILE,Android,WeChat,400px*889px,进入直播室-C主播,6,3,6,7,7,4,6,5,6,3,7,3,5,66,53,40,6,6,2,5,1,4,3,.26,23.09,1.47,-6.57,-20.57,1,60.5708955223881,2.98507462686567,-.307028291378923
dqM6Y0ex,5M2ZxQDM,cdm****NBfYE,2023-02-08 17:30:55,2023-02-08 17:38:23,448,1,i2AJfe,电商直播影响力研究,36.161.232.156,117.1558810,31.7225090,中国,安徽省,合肥市,COMPUTER,Linux,Chrome,1138px*712px,进入直播室-C主播,7,3,6,3,7,4,6,5,7,3,7,3,1,0,23,23,5,7,2,5,2,2,6,1.26,-42.91,-2.53,-36.57,-37.57,0,60.5708955223881,2.98507462686567,-.560759634662502
1kMrky79,kM1ZOWQ7,cdm****PfO5C,2023-02-13 09:34:40,2023-02-13 09:38:20,220,1,i2AJfe,电商直播影响力研究,222.184.233.242,120.8753318,32.0119567,中国,江苏省,南通市,COMPUTER,Windows,WeChat,1280px*720px,进入直播室-C主播,5,3,3,5,5,2,6,3,2,3,4,3,2,40,55,80,4,3,2,5,2,3,5,-.74,-2.91,-1.53,-4.57,19.43,0,60.5708955223881,2.98507462686567,.289986633994205
w5Lwg6Ll,JekbX6dL,cdm****YllAs,2023-02-13 10:06:31,2023-02-13 10:08:57,146,1,i2AJfe,电商直播影响力研究,183.239.175.36,114.4651170,22.5878600,中国,广东省,深圳市,MOBILE,iOS,WeChat,390px*844px,进入直播室-C主播,7,3,3,6,4,4,7,5,4,3,7,3,2,34,66,71,3,4,2,5,2,2,5,1.26,-8.91,-1.53,6.43,10.43,-3,60.5708955223881,2.98507462686567,.155658275785251
VKe5J8Mx,27abW5NL,cdm****k0fjX,2023-02-13 10:36:26,2023-02-13 10:39:55,209,1,i2AJfe,电商直播影响力研究,219.145.46.180,108.9410144,34.2740836,中国,陕西省,西安市,COMPUTER,Windows,WeChat,1920px*1080px,进入直播室-C主播,4,3,3,5,4,4,4,4,3,3,4,3,3,5,50,50,3,4,2,5,2,3,3,-1.74,-37.91,-.53,-9.57,-10.57,0,60.5708955223881,2.98507462686567,-.157774560035641
E9LQNGeP,yevKdjvM,cdm****CMjee,2023-02-13 17:37:56,2023-02-13 17:39:59,123,1,i2AJfe,电商直播影响力研究,182.120.189.204,111.7666030,32.7755810,中国,河南省,南阳市,MOBILE,Android,Chrome,393px*873px,进入直播室-C主播,4,3,3,6,5,4,6,4,2,3,4,3,2,9,72,28,3,4,2,5,1,4,4,-1.74,-33.91,-1.53,12.43,-32.57,1,60.5708955223881,2.98507462686567,-.486132768990861
027a0wMA,aMgbmA5e,cdm****pBpMd,2023-02-13 10:33:18,2023-02-13 10:35:46,148,1,i2AJfe,电商直播影响力研究,117.136.92.88,117.1107495,36.6472998,中国,山东省,济南市,MOBILE,Android,WeChat,440px*942px,进入直播室-C主播,5,3,4,5,5,4,6,5,4,3,5,3,3,49,59,35,4,5,2,5,1,3,5,-.74,6.09,-.53,-.57,-25.57,0,60.5708955223881,2.98507462686567,-.381655157050563
Jz7lw5MQ,o7j3YmOL,cdm****jaxqr,2023-02-13 10:36:07,2023-02-13 10:39:19,192,1,i2AJfe,电商直播影响力研究,36.5.78.111,117.2772718,31.8710932,中国,安徽省,合肥市,COMPUTER,Windows,Chrome,1366px*768px,进入直播室-C主播,5,3,4,3,5,4,6,6,5,3,6,3,2,3,14,54,4,4,2,5,1,3,5,-.74,-39.91,-1.53,-45.57,-6.57,0,60.5708955223881,2.98507462686567,-.098073067498328
a8MZ0DL3,0eyKj5E7,cdm****WhAoa,2023-02-13 16:48:34,2023-02-13 16:50:19,105,1,i2AJfe,电商直播影响力研究,101.228.81.67,121.6013840,31.1000520,中国,上海市,市辖区,MOBILE,iOS,WeChat,390px*844px,进入直播室-C主播,6,3,4,5,6,4,6,6,7,3,6,3,2,21,21,50,4,5,2,5,2,4,5,.26,-21.91,-1.53,-38.57,-10.57,0,60.5708955223881,2.98507462686567,-.157774560035641
XRMWa0Lz,4enbk30e,cdm****thxXC,2023-02-14 16:12:33,2023-02-14 16:14:40,127,1,i2AJfe,电商直播影响力研究,27.155.141.29,119.3151122,26.0740670,中国,福建省,福州市,COMPUTER,Windows,WeChat,1920px*1080px,进入直播室-C主播,7,3,4,6,6,4,5,4,5,3,6,3,5,26,1,52,4,4,2,5,2,2,3,1.26,-16.91,1.47,-58.57,-8.57,-1,60.5708955223881,2.98507462686567,-.127923813766984
0JekNYLz,leNl2Og7,cdm****djzvQ,2023-02-14 16:36:09,2023-02-14 16:38:16,127,1,i2AJfe,电商直播影响力研究,36.112.184.129,120.2031595,30.2682971,中国,浙江省,杭州市,COMPUTER,Windows,WeChat,1536px*864px,进入直播室-C主播,5,3,4,4,5,2,7,5,1,3,5,3,2,10,60,60,3,2,2,5,2,2,4,-.74,-32.91,-1.53,.43,-.57,0,60.5708955223881,2.98507462686567,-.00852082869235895
VKe5ZxMx,VMJjyBkM,cdm****7liyA,2023-02-14 18:18:56,2023-02-14 18:21:17,141,1,i2AJfe,电商直播影响力研究,113.93.111.71,113.0918938,22.5842050,中国,广东省,江门市,MOBILE,Android,WeChat,400px*867px,进入直播室-C主播,5,3,4,5,5,5,4,4,6,3,5,5,1,10,30,49,4,5,2,5,1,3,6,-.74,-32.91,-2.53,-29.57,-11.57,0,60.5708955223881,2.98507462686567,-.172699933169969
QJ7B53MR,5M2ZxqaM,cdm****Rxdb1,2023-02-14 19:24:25,2023-02-14 19:27:25,180,1,i2AJfe,电商直播影响力研究,222.129.63.97,116.2996980,39.8618180,中国,北京市,市辖区,MOBILE,iOS,WeChat,390px*844px,进入直播室-C主播,7,3,4,7,6,5,4,6,6,3,7,3,5,70,20,30,6,6,2,5,1,4,5,1.26,27.09,1.47,-39.57,-30.57,-1,60.5708955223881,2.98507462686567,-.456282022722204
ZG7X0873,27abWVNL,cdm****Sdapn,2023-02-13 17:00:56,2023-02-13 17:04:23,207,1,i2AJfe,电商直播影响力研究,113.105.88.210,114.0867734,22.5383279,中国,广东省,深圳市,COMPUTER,Mac OS X,Chrome,1440px*900px,进入直播室-C主播,6,3,5,6,6,4,5,6,4,3,6,3,1,11,50,61,4,4,2,5,2,3,7,.26,-31.91,-2.53,-9.57,.43,0,60.5708955223881,2.98507462686567,.00640454444196923
w5Lwp6el,KLOG4V4L,cdm****nTm8r,2023-02-13 17:15:01,2023-02-13 17:18:12,191,1,i2AJfe,电商直播影响力研究,223.147.4.189,112.6189292,26.8895966,中国,湖南省,衡阳市,MOBILE,iOS,WeChat,414px*896px,进入直播室-C主播,7,3,5,6,6,4,5,4,4,3,7,3,5,22,62,45,4,5,2,5,1,3,6,1.26,-20.91,1.47,2.43,-15.57,-1,60.5708955223881,2.98507462686567,-.232401425707282
ZleNlz7o,WLGdwW0e,cdm****REXHC,2023-02-14 18:23:17,2023-02-14 18:28:01,284,1,i2AJfe,电商直播影响力研究,101.75.108.91,118.1571651,39.6438538,中国,河北省,唐山市,MOBILE,Android,WeChat,440px*942px,进入直播室-C主播,7,3,5,6,6,4,6,6,5,3,7,3,5,10,70,20,4,6,2,5,1,5,3,1.26,-32.91,1.47,10.43,-40.57,-1,60.5708955223881,2.98507462686567,-.605535754065486
1veE2PMG,J7B86A1e,cdm****fYxYg,2023-02-14 18:33:00,2023-02-14 18:37:54,294,1,i2AJfe,电商直播影响力研究,183.199.23.182,115.6304690,38.4711970,中国,河北省,保定市,MOBILE,iOS,WeChat,375px*812px,进入直播室-C主播,4,3,5,3,4,4,5,4,5,3,4,3,5,35,25,40,4,5,2,5,1,2,5,-1.74,-7.91,1.47,-34.57,-20.57,0,60.5708955223881,2.98507462686567,-.307028291378923
Kme33NeO,9LQlnKG7,cdm****oAAa0,2023-02-14 19:32:55,2023-02-14 19:36:14,199,1,i2AJfe,电商直播影响力研究,182.104.98.129,115.9191298,28.6745131,中国,江西省,南昌市,MOBILE,Android,Chrome,360px*770px,进入直播室-C主播,5,3,5,6,5,4,5,5,4,3,5,3,2,22,47,26,4,5,2,5,1,6,4,-.74,-20.91,-1.53,-12.57,-34.57,0,60.5708955223881,2.98507462686567,-.515983515259517
mWLG4kez,yevKd8VM,cdm****7TN4l,2023-02-08 21:01:51,2023-02-08 21:09:37,466,1,i2AJfe,电商直播影响力研究,171.210.194.125,104.0515351,30.6585724,中国,四川省,成都市,COMPUTER,Windows,Chrome,1707px*960px,进入直播室-D主播,3,4,2,3,3,7,5,3,1,3,5,4,2,22,68,27,2,3,1,5,2,2,4,-2.74,-20.91,-1.53,8.43,-33.57,0,60.5708955223881,2.98507462686567,-34.0719536645132
ZleNkWMo,37Ko8pQ7,cdm****owkHm,2023-02-08 13:23:40,2023-02-08 13:27:08,208,1,i2AJfe,电商直播影响力研究,111.14.57.14,117.3250044,34.8111483,中国,山东省,枣庄市,COMPUTER,Windows,Chrome,1536px*864px,进入直播室-D主播,6,4,2,5,5,5,5,5,5,3,6,4,5,81,94,90,3,4,1,5,2,2,3,.26,38.09,1.47,34.43,29.43,-1,60.5708955223881,2.98507462686567,29.8683448429494
ZG7XyBL3,o7j3YvlL,cdm****FSyEf,2023-02-11 19:13:45,2023-02-11 19:15:16,91,1,i2AJfe,电商直播影响力研究,125.107.111.4,120.5876863,29.9929493,中国,浙江省,绍兴市,COMPUTER,Windows,Chrome,1280px*720px,进入直播室-D主播,6,4,3,5,3,6,5,4,5,3,3,4,2,17,65,32,3,4,1,5,2,2,5,.26,-25.91,-1.53,5.43,-28.57,-3,60.5708955223881,2.98507462686567,-28.9973267988416
a8MZAje3,xMobQ8We,cdm****8Ljkj,2023-02-11 16:32:26,2023-02-11 16:37:01,275,1,i2AJfe,电商直播影响力研究,101.228.189.198,121.4913730,31.1721960,中国,上海市,市辖区,MOBILE,iOS,WeChat,414px*896px,进入直播室-D主播,6,4,3,4,6,6,5,6,5,3,6,4,2,90,71,13,3,4,1,5,2,2,6,.26,47.09,-1.53,11.43,-47.57,0,60.5708955223881,2.98507462686567,-48.2809088883938
ZG7XE5L3,pLzKawke,cdm****4Sq8H,2023-02-10 20:51:26,2023-02-10 20:56:11,285,1,i2AJfe,电商直播影响力研究,116.169.2.89,104.6862730,31.5365250,中国,四川省,绵阳市,MOBILE,Android,WeChat,400px*889px,进入直播室-D主播,6,4,3,6,4,6,4,5,4,3,6,4,2,39,67,35,3,4,1,5,1,2,3,.26,-3.91,-1.53,7.43,-25.57,-2,60.5708955223881,2.98507462686567,-25.9525506794386
dqM618ex,J7B86qpe,cdm****GDaF1,2023-02-10 20:04:28,2023-02-10 20:07:00,152,1,i2AJfe,电商直播影响力研究,123.149.139.107,113.3103704,33.7379233,中国,河南省,平顶山市,MOBILE,Android,Chrome,360px*800px,进入直播室-D主播,5,4,3,6,5,7,5,6,5,3,6,4,2,24,80,83,2,4,1,5,2,4,5,-.74,-18.91,-1.53,20.43,22.43,0,60.5708955223881,2.98507462686567,22.7638672310091
1kMrk079,p7YxvkmM,cdm****xWBJQ,2023-02-12 15:59:47,2023-02-12 16:06:04,377,1,i2AJfe,电商直播影响力研究,171.81.244.63,113.0854890,30.3456510,中国,湖北省,省直辖县级行政区划,MOBILE,Android,Chrome,360px*770px,进入直播室-D主播,6,4,4,2,6,5,4,6,5,3,6,4,6,80,90,80,4,4,1,5,2,2,3,.26,37.09,2.47,30.43,19.43,0,60.5708955223881,2.98507462686567,19.7190911116061
6QL0lyLb,z7lbrkxe,cdm****i4OMQ,2023-02-11 14:10:52,2023-02-11 14:15:03,251,1,i2AJfe,电商直播影响力研究,118.79.241.16,112.9666660,38.4800220,中国,山西省,忻州市,MOBILE,iOS,WeChat,390px*844px,进入直播室-D主播,6,4,4,5,6,5,2,6,2,3,6,4,2,40,69,76,3,4,1,5,2,3,5,.26,-2.91,-1.53,9.43,15.43,0,60.5708955223881,2.98507462686567,15.6593896190688
qVMJEden,5Lmbw4Oe,cdm****cVFef,2023-02-11 13:49:14,2023-02-11 13:51:39,145,1,i2AJfe,电商直播影响力研究,111.14.130.22,116.5968167,35.3961037,中国,山东省,济宁市,MOBILE,Android,Chrome,360px*800px,进入直播室-D主播,5,4,4,5,5,6,5,6,6,3,6,4,3,30,70,60,3,4,1,5,1,2,3,-.74,-12.91,-.53,10.43,-.57,0,60.5708955223881,2.98507462686567,-.579416351080415
YKLOEdMk,aMgbm1ke,cdm****ZtJXb,2023-02-11 12:37:19,2023-02-11 12:42:11,292,1,i2AJfe,电商直播影响力研究,182.102.129.0,115.9191298,28.6745131,中国,江西省,南昌市,MOBILE,Android,WeChat,400px*885px,进入直播室-D主播,6,4,4,5,6,7,5,7,6,3,6,4,2,75,60,100,4,5,1,5,1,3,5,.26,32.09,-1.53,.43,39.43,0,60.5708955223881,2.98507462686567,40.0175985742927
wWMRn9M9,5LwKnY1L,cdm****dyxi2,2023-02-11 11:52:49,2023-02-11 11:55:41,172,1,i2AJfe,电商直播影响力研究,60.222.76.175,110.9757060,35.6051260,中国,山西省,运城市,MOBILE,Android,WeChat,360px*780px,进入直播室-D主播,6,4,4,4,6,7,5,6,5,3,6,4,5,70,60,50,5,6,1,5,2,2,3,.26,27.09,1.47,.43,-10.57,0,60.5708955223881,2.98507462686567,-10.7286700824237
zJ7qDGM0,0eyKjKv7,D*n,2023-02-10 17:50:10,2023-02-10 17:55:31,321,1,i2AJfe,电商直播影响力研究,158.94.64.99,-0.2297350,51.5904840, ,Barnet,Hendon,MOBILE,iOS,Apple WebKit,390px*844px,进入直播室-D主播,2,4,4,5,1,4,5,2,3,3,1,4,1,0,78,78,2,2,1,5,2,3,6,-3.74,-42.91,-2.53,18.43,17.43,-1,60.5708955223881,2.98507462686567,17.6892403653375
w5Lwvv7l,WLGdwkke,cdm****GFhZM,2023-02-10 22:00:56,2023-02-10 22:03:36,160,1,i2AJfe,电商直播影响力研究,112.9.184.38,120.4043251,36.1139435,中国,山东省,青岛市,COMPUTER,Windows,Chrome,1280px*800px,进入直播室-D主播,5,4,4,5,5,7,6,6,6,3,5,4,5,30,80,78,4,5,1,5,2,2,5,-.74,-12.91,1.47,20.43,17.43,0,60.5708955223881,2.98507462686567,17.6892403653375
Kme3pEMO,BepK3OxL,cdm****dbCyn,2023-02-10 19:38:31,2023-02-10 19:41:09,158,1,i2AJfe,电商直播影响力研究,218.12.19.4,114.5054340,38.0430537,中国,河北省,石家庄市,MOBILE,Android,Chrome,360px*800px,进入直播室-D主播,6,4,4,6,6,5,5,6,5,3,6,4,2,0,64,51,3,6,1,5,1,2,3,.26,-42.91,-1.53,4.43,-9.57,0,60.5708955223881,2.98507462686567,-9.71374470928937
nxLV6pLY,Ke5ZpzKM,cdm****1FgJS,2023-02-10 19:14:58,2023-02-10 19:17:36,158,1,i2AJfe,电商直播影响力研究,202.113.189.173,117.2157365,39.1304422,中国,天津市,市辖区,MOBILE,Android,WeChat,400px*889px,进入直播室-D主播,5,4,4,4,5,6,5,5,5,3,5,4,2,35,87,89,4,5,1,5,2,2,3,-.74,-7.91,-1.53,27.43,28.43,0,60.5708955223881,2.98507462686567,28.8534194698151
a5LmDp7W,aMgbmwle,cdm****kpTiM,2023-02-09 18:44:01,2023-02-09 18:46:20,139,1,i2AJfe,电商直播影响力研究,120.243.112.95,117.2772718,31.8710932,中国,安徽省,合肥市,COMPUTER,Windows,Chrome,1536px*864px,进入直播室-D主播,6,4,4,5,6,5,5,6,4,3,6,4,2,10,88,83,4,5,1,5,2,2,3,.26,-32.91,-1.53,28.43,22.43,0,60.5708955223881,2.98507462686567,22.7638672310091
Kme3qR7O,ve8m0kwM,cdm****IMl4r,2023-02-09 18:31:09,2023-02-09 18:32:57,108,1,i2AJfe,电商直播影响力研究,119.134.149.58,115.3690249,22.7780378,中国,广东省,汕尾市,COMPUTER,Windows,Chrome,1920px*1080px,进入直播室-D主播,5,4,4,6,5,5,5,5,6,3,5,4,5,75,80,70,5,6,1,5,1,4,5,-.74,32.09,1.47,20.43,9.43,0,60.5708955223881,2.98507462686567,9.56983738026287
QJ7BBn7R,qM6ZAPdM,cdm****OxjRw,2023-02-09 18:25:29,2023-02-09 18:28:59,210,1,i2AJfe,电商直播影响力研究,120.244.129.141,116.3974589,39.9388838,中国,北京市,市辖区,COMPUTER,Windows,Chrome,1280px*720px,进入直播室-D主播,6,4,4,4,4,5,4,5,4,3,6,4,7,81,70,91,4,4,1,5,2,4,6,.26,38.09,3.47,10.43,30.43,-2,60.5708955223881,2.98507462686567,30.8832702160838
JaMg8k7w,5LwKnX2L,cdm****Z170T,2023-02-09 10:43:03,2023-02-09 10:45:46,163,1,i2AJfe,电商直播影响力研究,36.26.14.166,120.7595220,30.7546640,中国,浙江省,嘉兴市,COMPUTER,Windows,Chrome,1280px*720px,进入直播室-D主播,6,4,4,5,6,7,5,6,6,3,6,4,3,66,78,82,5,6,1,5,2,3,5,.26,23.09,-.53,18.43,21.43,0,60.5708955223881,2.98507462686567,21.7489418578748
a5LmWpMW,kMrKqOn7,cdm****I4Min,2023-02-09 09:06:39,2023-02-09 09:10:58,259,1,i2AJfe,电商直播影响力研究,218.29.126.52,113.6482322,34.7492146,中国,河南省,郑州市,COMPUTER,Windows,Chrome,1920px*1080px,进入直播室-D主播,5,4,4,2,5,7,2,5,3,3,5,4,3,55,73,89,4,4,1,5,1,2,5,-.74,12.09,-.53,13.43,28.43,0,60.5708955223881,2.98507462686567,28.8534194698151
XRMWp47z,37Ko8zQ7,cdm****V0WeK,2023-02-08 20:49:30,2023-02-08 20:52:56,206,1,i2AJfe,电商直播影响力研究,60.208.177.48,117.0413500,36.6623208,中国,山东省,济南市,COMPUTER,Windows,Chrome,1600px*1000px,进入直播室-D主播,6,4,4,5,6,6,5,6,4,3,6,4,5,65,75,68,4,5,1,5,2,4,5,.26,22.09,1.47,15.43,7.43,0,60.5708955223881,2.98507462686567,7.53998663399421
wWMRE5e9,KLOG4p3L,cdm****QvRXW,2023-02-08 18:44:44,2023-02-08 18:48:31,227,1,i2AJfe,电商直播影响力研究,110.228.232.99,114.4695340,38.0790590,中国,河北省,石家庄市,COMPUTER,Windows,Chrome,1366px*768px,进入直播室-D主播,6,4,4,3,6,6,5,6,6,3,6,4,6,94,79,94,4,6,1,5,2,3,4,.26,51.09,2.47,19.43,33.43,0,60.5708955223881,2.98507462686567,33.9280463354867
qVMJxRLn,xLVl53bM,cdm****O5Q2n,2023-02-08 11:35:04,2023-02-08 11:39:58,294,1,i2AJfe,电商直播影响力研究,114.92.24.54,121.4767528,31.2243490,中国,上海市,市辖区,COMPUTER,Windows,Chrome,1280px*720px,进入直播室-D主播,6,4,4,3,5,7,5,6,5,3,6,4,4,54,71,71,4,5,1,5,2,3,6,.26,11.09,.47,11.43,10.43,-1,60.5708955223881,2.98507462686567,10.5847627533972
Kme3kDeO,37Ko8BY7,cdm****FMmpV,2023-02-07 20:46:30,2023-02-07 20:50:12,222,1,i2AJfe,电商直播影响力研究,223.73.11.208,116.7135520,23.3848080,中国,广东省,汕头市,COMPUTER,Windows,Chrome,1920px*1080px,进入直播室-D主播,6,4,4,4,6,7,3,6,4,3,6,4,5,70,85,35,4,4,1,5,2,2,4,.26,27.09,1.47,25.43,-25.57,0,60.5708955223881,2.98507462686567,-25.9525506794386
a8MZGy73,G7Xlx9D7,cdm****eLepf,2023-02-07 19:33:59,2023-02-07 19:39:00,301,1,i2AJfe,电商直播影响力研究,112.38.62.230,115.9862978,36.4417325,中国,山东省,聊城市,COMPUTER,Windows,Chrome,1280px*720px,进入直播室-D主播,6,4,4,5,6,6,6,6,5,3,6,4,5,50,85,80,4,5,1,5,2,2,3,.26,7.09,1.47,25.43,19.43,0,60.5708955223881,2.98507462686567,19.7190911116061
ZleNDW7o,5M2Zxy8M,cdm****kwzco,2023-02-07 18:16:41,2023-02-07 18:21:28,287,1,i2AJfe,电商直播影响力研究,223.97.164.234,119.1683632,36.6947521,中国,山东省,潍坊市,MOBILE,Android,Chrome,360px*780px,进入直播室-D主播,6,4,4,4,6,6,6,6,5,3,6,4,5,85,75,73,4,5,1,5,2,2,3,.26,42.09,1.47,15.43,12.43,0,60.5708955223881,2.98507462686567,12.6146134996659
pxMopR7n,leNl2ZB7,cdm****Wikmh,2023-02-11 16:28:15,2023-02-11 16:33:30,315,1,i2AJfe,电商直播影响力研究,117.173.138.71,104.0781105,30.6602396,中国,四川省,成都市,COMPUTER,Windows,Chrome,1536px*864px,进入直播室-D主播,6,4,5,3,6,6,6,7,2,3,5,4,3,20,60,85,5,4,1,5,1,2,3,.26,-22.91,-.53,.43,24.43,0,60.5708955223881,2.98507462686567,24.7937179772778
o4en4d71,G7XlxvG7,cdm****vj5ma,2023-02-11 11:51:29,2023-02-11 11:54:21,172,1,i2AJfe,电商直播影响力研究,223.166.164.198,121.5079670,30.8444130,中国,上海市,市辖区,MOBILE,Android,WeChat,360px*800px,进入直播室-D主播,5,4,5,2,4,7,5,4,2,3,4,4,2,75,94,85,5,4,1,5,2,2,4,-.74,32.09,-1.53,34.43,24.43,-1,60.5708955223881,2.98507462686567,24.7937179772778
r2MdxbMw,kM1ZOzO7,cdm****P5giu,2023-02-11 10:59:05,2023-02-11 11:01:46,161,1,i2AJfe,电商直播影响力研究,106.115.114.242,114.4721157,36.6064572,中国,河北省,邯郸市,COMPUTER,Windows,Chrome,1536px*864px,进入直播室-D主播,6,4,5,6,6,6,5,6,5,3,6,4,5,59,80,80,5,6,1,5,1,2,3,.26,16.09,1.47,20.43,19.43,0,60.5708955223881,2.98507462686567,19.7190911116061
ZG7XY5L3,4enbk2ne,cdm****ABrv1,2023-02-09 19:05:44,2023-02-09 19:10:48,304,1,i2AJfe,电商直播影响力研究,49.93.77.53,118.7377507,32.0992691,中国,江苏省,南京市,COMPUTER,Windows,Chrome,1494px*934px,进入直播室-D主播,6,4,5,3,6,7,2,6,2,3,6,4,3,70,80,75,4,3,1,4,2,2,5,.26,27.09,-.53,20.43,14.43,0,60.5708955223881,2.98507462686567,14.6444642459345
VnePWXLa,qM6ZAGdM,cdm****oXuss,2023-02-09 16:53:14,2023-02-09 16:56:11,177,1,i2AJfe,电商直播影响力研究,221.212.20.206,126.6520214,45.7572300,中国,黑龙江省,哈尔滨市,COMPUTER,Windows,Chrome,1920px*1080px,进入直播室-D主播,6,4,5,4,5,4,4,5,4,3,5,4,6,68,74,40,4,4,1,5,1,4,3,.26,25.09,2.47,14.43,-20.57,-1,60.5708955223881,2.98507462686567,-20.877923813767
2AM93dL6,BepK3dBL,cdm****RseAt,2023-02-09 14:41:31,2023-02-09 14:45:12,221,1,i2AJfe,电商直播影响力研究,112.12.37.230,120.6837040,27.9911397,中国,浙江省,温州市,COMPUTER,Windows,Chrome,1920px*1080px,进入直播室-D主播,6,4,5,5,6,7,5,6,7,3,6,4,5,76,58,59,5,5,1,5,1,3,5,.26,33.09,1.47,-1.57,-1.57,0,60.5708955223881,2.98507462686567,-1.59434172421474
6QL0aVeb,yevKd3AM,cdm****LRsx5,2023-02-09 14:36:13,2023-02-09 14:44:11,478,1,i2AJfe,电商直播影响力研究,175.13.254.19,113.0240446,28.1978805,中国,湖南省,长沙市,COMPUTER,Windows,Chrome,1440px*900px,进入直播室-D主播,6,4,5,7,6,6,6,7,6,3,6,4,5,90,80,86,5,6,1,5,1,4,5,.26,47.09,1.47,20.43,25.43,0,60.5708955223881,2.98507462686567,25.8086433504121
027a6ELA,xLVl5zbM,cdm****Q5ESe,2023-02-08 18:52:25,2023-02-08 18:59:46,441,1,i2AJfe,电商直播影响力研究,114.82.101.202,121.8024090,30.8903430,中国,上海市,市辖区,COMPUTER,Windows,Chrome,1920px*1080px,进入直播室-D主播,6,4,5,6,5,7,7,6,6,3,7,4,6,84,89,96,5,6,1,5,1,4,5,.26,41.09,2.47,29.43,35.43,-1,60.5708955223881,2.98507462686567,35.9578970817554
wz7A1X7D,nePDdNve,cdm****oBuVa,2023-02-08 13:19:56,2023-02-08 13:23:03,187,1,i2AJfe,电商直播影响力研究,117.136.74.146,114.3028320,30.5410820,中国,湖北省,武汉市,MOBILE,iOS,Apple WebKit,414px*896px,进入直播室-D主播,6,4,5,6,6,7,6,7,7,3,6,4,6,80,96,99,4,6,1,5,2,4,6,.26,37.09,2.47,36.43,38.43,0,60.5708955223881,2.98507462686567,39.0026732011584
vp7YEx7a,nePDdnXe,cdm****Ubc4w,2023-02-12 14:18:17,2023-02-12 14:25:59,462,1,i2AJfe,电商直播影响力研究,221.13.1.7,106.7209510,26.5792150,中国,贵州省,贵阳市,COMPUTER,Windows,Chrome,1280px*720px,进入直播室-D主播,6,4,6,6,6,7,6,7,5,3,6,4,6,90,86,75,6,7,1,5,2,3,6,.26,47.09,2.47,26.43,14.43,0,60.5708955223881,2.98507462686567,14.6444642459345
JyevOWM9,p7Yxvy0M,cdm****oOs4d,2023-02-10 13:00:32,2023-02-10 13:44:34,2642,1,i2AJfe,电商直播影响力研究,1.82.75.178,109.7368473,38.2878278,中国,陕西省,榆林市,COMPUTER,Windows,WeChat,1494px*934px,进入直播室-D主播,6,4,6,6,7,7,6,6,5,3,6,4,6,76,68,57,6,7,1,5,2,4,5,.26,33.09,2.47,8.43,-3.57,1,60.5708955223881,2.98507462686567,-3.6241924704834
0ve8vB7p,z7Aym8X7,cdm****PcxaM,2023-02-09 21:10:20,2023-02-09 21:15:23,303,1,i2AJfe,电商直播影响力研究,123.171.12.99,115.9862978,36.4417325,中国,山东省,聊城市,COMPUTER,Windows,Chrome,804px*360px,进入直播室-D主播,6,4,6,7,6,7,5,7,7,3,6,4,6,90,70,68,6,7,1,5,2,4,4,.26,47.09,2.47,10.43,7.43,0,60.5708955223881,2.98507462686567,7.53998663399421
Jz7lgxMQ,Ke5ZpgvM,cdm****bP3j8,2023-02-09 11:40:25,2023-02-09 11:43:20,175,1,i2AJfe,电商直播影响力研究,140.206.195.189,121.4767528,31.2243490,中国,上海市,市辖区,COMPUTER,Windows,Chrome,1366px*768px,进入直播室-D主播,7,4,6,6,7,7,6,7,6,3,7,4,5,62,49,50,5,6,1,5,2,2,5,1.26,19.09,1.47,-10.57,-10.57,0,60.5708955223881,2.98507462686567,-10.7286700824237
1kMrG679,ve8m094M,cdm****hfksm,2023-02-09 10:08:41,2023-02-09 10:13:02,261,1,i2AJfe,电商直播影响力研究,111.183.86.157,114.8955721,30.3801463,中国,湖北省,鄂州市,COMPUTER,Windows,Firefox,1963px*1104px,进入直播室-D主播,6,4,6,6,7,7,7,7,7,3,7,4,6,65,79,100,6,7,1,5,1,5,4,.26,22.09,2.47,19.43,39.43,1,60.5708955223881,2.98507462686567,40.0175985742927
wWMRl1L9,yevKd2bM,cdm****5kgeW,2023-02-14 18:14:04,2023-02-14 18:17:00,176,1,i2AJfe,电商直播影响力研究,123.232.123.3,117.0375530,36.6500920,中国,山东省,济南市,MOBILE,iOS,WeChat,414px*896px,进入直播室-D主播,7,4,1,6,6,6,5,4,4,3,7,4,6,100,100,100,1,4,1,5,2,5,5,1.26,57.09,2.47,40.43,39.43,-1,60.5708955223881,2.98507462686567,40.0175985742927
0JekmY7z,5LwKn2qL,cdm****RtAjK,2023-02-13 10:06:58,2023-02-13 10:11:14,256,1,i2AJfe,电商直播影响力研究,112.36.205.45,117.0413500,36.6623208,中国,山东省,济南市,MOBILE,Android,WeChat,400px*649px,进入直播室-D主播,5,4,2,3,5,6,6,6,5,3,5,4,6,85,81,76,3,5,1,5,2,2,5,-.74,42.09,2.47,21.43,15.43,0,60.5708955223881,2.98507462686567,15.6593896190688
rDMxKley,z7AympQ7,cdm****uvTDq,2023-02-14 18:17:34,2023-02-14 18:22:07,273,1,i2AJfe,电商直播影响力研究,112.38.168.122,117.8597610,36.0679520,中国,山东省,济南市,TABLET,iOS,WeChat,810px*1080px,进入直播室-D主播,6,4,3,3,5,7,4,5,3,3,7,4,2,25,43,16,2,4,1,5,2,2,3,.26,-17.91,-1.53,-16.57,-44.57,-1,60.5708955223881,2.98507462686567,-45.2361327689909
VnePBy7a,p7YxvKbM,cdm****WcKHN,2023-02-14 18:39:53,2023-02-14 18:43:05,192,1,i2AJfe,电商直播影响力研究,114.85.138.107,121.4445880,31.2084080,中国,上海市,市辖区,MOBILE,iOS,WeChat,375px*667px,进入直播室-D主播,6,4,3,5,5,5,5,5,5,3,6,4,6,69,72,42,3,4,1,5,2,4,4,.26,26.09,2.47,12.43,-18.57,-1,60.5708955223881,2.98507462686567,-18.8480730674983
Wo7jXBew,WMRlRwKL,cdm****pp9ek,2023-02-13 10:30:49,2023-02-13 10:33:34,165,1,i2AJfe,电商直播影响力研究,123.147.247.104,106.6924340,29.0353050,中国,重庆市,市辖区,MOBILE,Android,WeChat,400px*892px,进入直播室-D主播,6,4,4,6,6,6,4,5,5,3,6,4,3,30,53,31,4,5,1,5,2,2,3,.26,-12.91,-.53,-6.57,-29.57,0,60.5708955223881,2.98507462686567,-30.0122521719759
Jyevpb79,KLOG4Y4L,cdm****JqBtd,2023-02-13 10:45:18,2023-02-13 10:48:15,177,1,i2AJfe,电商直播影响力研究,111.225.239.156,117.9410327,40.9762977,中国,河北省,承德市,COMPUTER,Windows,Chrome,1920px*1080px,进入直播室-D主播,6,4,4,3,6,6,6,6,6,3,6,4,5,78,97,96,5,6,1,5,1,4,4,.26,35.09,1.47,37.43,35.43,0,60.5708955223881,2.98507462686567,35.9578970817554
0JekrYLz,DMxKRl5e,cdm****yZq6z,2023-02-13 17:32:29,2023-02-13 17:35:28,179,1,i2AJfe,电商直播影响力研究,182.108.122.239,117.9490096,28.4466400,中国,江西省,上饶市,COMPUTER,Windows,Chrome,2048px*1152px,进入直播室-D主播,5,4,4,5,5,6,6,6,5,3,5,4,2,30,80,80,4,5,1,5,1,2,5,-.74,-12.91,-1.53,20.43,19.43,0,60.5708955223881,2.98507462686567,19.7190911116061
wWMRaDe9,9LQlnYQ7,cdm****fAsCr,2023-02-14 12:02:51,2023-02-14 12:06:06,195,1,i2AJfe,电商直播影响力研究,118.212.213.45,115.9191298,28.6745131,中国,江西省,南昌市,MOBILE,Android,WeChat,360px*780px,进入直播室-D主播,6,4,4,6,7,6,5,6,6,3,6,4,5,81,46,38,4,5,1,5,2,3,7,.26,38.09,1.47,-13.57,-22.57,1,60.5708955223881,2.98507462686567,-22.9077745600356
2AM96976,BMDgY0Ke,cdm****JvscD,2023-02-14 18:30:34,2023-02-14 18:34:06,212,1,i2AJfe,电商直播影响力研究,119.143.84.210,113.3893937,23.1565381,中国,广东省,广州市,MOBILE,Android,WeChat,400px*866px,进入直播室-D主播,5,4,4,5,5,6,2,5,5,3,5,4,2,20,90,10,4,5,1,5,2,2,4,-.74,-22.91,-1.53,30.43,-50.57,0,60.5708955223881,2.98507462686567,-51.3256850077968
QJ7Bd1eR,ve8m0jzM,cdm****BMMyC,2023-02-13 16:50:12,2023-02-13 16:55:16,304,1,i2AJfe,电商直播影响力研究,42.232.207.52,113.2543680,33.7182420,中国,河南省,平顶山市,MOBILE,Android,Chrome,360px*792px,进入直播室-D主播,5,4,5,6,5,5,7,6,3,3,5,4,5,65,37,6,5,6,1,5,1,2,3,-.74,22.09,1.47,-22.57,-54.57,0,60.5708955223881,2.98507462686567,-55.3853865003341
Xxebz6eD,kMrKqQ07,cdm****rwzak,2023-02-13 16:50:16,2023-02-13 16:54:05,229,1,i2AJfe,电商直播影响力研究,221.212.214.232,126.6889190,45.7412670,中国,黑龙江省,哈尔滨市,MOBILE,Android,WeChat,400px*880px,进入直播室-D主播,6,4,5,6,7,7,5,6,5,3,6,4,2,21,44,40,4,6,1,5,1,5,6,.26,-21.91,-1.53,-15.57,-20.57,1,60.5708955223881,2.98507462686567,-20.877923813767
gBMDA37d,qM6ZAdvM,cdm****a8JSv,2023-02-14 18:38:54,2023-02-14 18:47:48,534,1,i2AJfe,电商直播影响力研究,36.44.140.3,108.9410144,34.2740836,中国,陕西省,西安市,MOBILE,iOS,WeChat,320px*568px,进入直播室-D主播,5,4,5,5,5,4,5,5,5,3,5,4,5,60,66,65,5,5,1,5,1,6,2,-.74,17.09,1.47,6.43,4.43,0,60.5708955223881,2.98507462686567,4.49521051459123
D37KAleE,BepK3wZL,cdm****UvCyR,2023-02-13 16:53:08,2023-02-13 16:55:16,128,1,i2AJfe,电商直播影响力研究,110.80.20.170,118.1226075,24.4829228,中国,福建省,厦门市,COMPUTER,Windows,WeChat,1366px*768px,进入直播室-D主播,6,4,6,5,6,7,5,6,5,3,6,4,5,83,47,46,6,6,1,5,1,2,5,.26,40.09,1.47,-12.57,-14.57,0,60.5708955223881,2.98507462686567,-14.788371574961
r2Md0NMw,JekbX0dL,cdm****11b30,2023-02-14 11:59:24,2023-02-14 12:02:00,156,1,i2AJfe,电商直播影响力研究,1.50.148.47,106.2630970,38.4716340,中国,宁夏回族自治区,银川市,COMPUTER,Windows,Chrome,1536px*864px,进入直播室-D主播,6,4,6,7,6,7,6,6,5,3,6,4,3,62,18,72,4,4,1,5,1,2,2,.26,19.09,-.53,-41.57,11.43,0,60.5708955223881,2.98507462686567,11.5996881265315
VnePRo7a,xLVl5OZM,cdm****Iw0f4,2023-02-11 21:34:07,2023-02-11 21:36:36,149,1,i2AJfe,电商直播影响力研究,183.94.121.235,114.2535510,30.6408360,中国,湖北省,武汉市,COMPUTER,Windows,Chrome,1177px*706px,进入直播室-E主播,6,5,4,3,6,1,5,6,3,3,6,5,3,33,81,82,4,4,3,5,2,2,5,.26,-9.91,-.53,21.43,21.43,0,60.5708955223881,2.98507462686567,43.1780463354867
VKe560Mx,0eyKjlP7,cdm****axStH,2023-02-11 12:12:11,2023-02-11 12:14:52,161,1,i2AJfe,电商直播影响力研究,113.54.206.101,104.0781105,30.6602396,中国,四川省,成都市,COMPUTER,Windows,Chrome,2560px*1440px,进入直播室-E主播,6,5,4,6,5,1,7,3,4,3,6,5,4,60,80,80,4,2,3,5,1,2,4,.26,17.09,.47,20.43,19.43,-1,60.5708955223881,2.98507462686567,39.1481955892181
vp7Ym07a,9LQlnoB7,cdm****4kJxb,2023-02-09 09:59:05,2023-02-09 10:01:12,127,1,i2AJfe,电商直播影响力研究,120.197.38.10,113.3893937,23.1565381,中国,广东省,广州市,COMPUTER,Windows,Chrome,1600px*900px,进入直播室-E主播,6,5,4,4,6,1,6,4,2,3,6,5,2,15,100,100,3,4,3,5,2,2,4,.26,-27.91,-1.53,40.43,39.43,0,60.5708955223881,2.98507462686567,79.4467030519046
rDMx0mMy,nePDd3ve,cdm****7KWhh,2023-02-08 19:47:17,2023-02-08 19:50:21,184,1,i2AJfe,电商直播影响力研究,101.229.126.7,121.4767528,31.2243490,中国,上海市,市辖区,COMPUTER,Windows,Chrome,1280px*720px,进入直播室-E主播,7,5,4,6,7,1,6,7,2,3,7,5,2,10,96,92,3,2,3,1,1,4,7,1.26,-32.91,-1.53,36.43,31.43,0,60.5708955223881,2.98507462686567,63.32730006683
nxLVvaLY,kMrKqwn7,cdm****JZUUo,2023-02-08 15:01:14,2023-02-08 15:06:56,342,1,i2AJfe,电商直播影响力研究,39.146.28.111,116.3635380,30.8460980,中国,安徽省,安庆市,COMPUTER,Windows,Chrome,1536px*864px,进入直播室-E主播,6,5,4,5,6,1,6,6,1,3,6,5,1,1,31,31,3,2,3,5,1,2,4,.26,-41.91,-2.53,-28.57,-29.57,0,60.5708955223881,2.98507462686567,-59.583147694364
2AM94re6,nePDdOne,cdm****5OdPd,2023-02-08 13:54:01,2023-02-08 13:56:04,123,1,i2AJfe,电商直播影响力研究,221.10.55.190,104.0781105,30.6602396,中国,四川省,成都市,COMPUTER,Windows,Chrome,1746px*982px,进入直播室-E主播,6,5,4,5,6,1,6,5,3,3,6,5,6,91,71,70,3,3,3,5,1,3,4,.26,48.09,2.47,11.43,9.43,0,60.5708955223881,2.98507462686567,18.9989418578748
D37KPGLE,oe4ZJqX7,cdm****5R7uj,2023-02-07 20:18:04,2023-02-07 20:20:22,138,1,i2AJfe,电商直播影响力研究,61.157.16.35,104.0781105,30.6602396,中国,四川省,成都市,COMPUTER,Windows,Chrome,1280px*720px,进入直播室-E主播,6,5,4,5,6,2,5,6,6,3,6,5,3,60,85,85,4,6,3,5,2,2,5,.26,17.09,-.53,25.43,24.43,0,60.5708955223881,2.98507462686567,49.2228224548897
3kM1PQe1,oe4ZJOq7,cdm****ysXAn,2023-02-11 23:31:59,2023-02-11 23:36:59,300,1,i2AJfe,电商直播影响力研究,116.249.109.231,102.7821990,24.9595580,中国,云南省,昆明市,MOBILE,Android,Chrome,360px*800px,进入直播室-E主播,7,5,5,7,7,1,6,6,4,3,6,5,3,35,78,83,4,3,3,5,1,4,6,1.26,-7.91,-.53,18.43,22.43,0,60.5708955223881,2.98507462686567,45.1929717086211
JyevPW79,2MdbVZXL,cdm****jkAV0,2023-02-11 12:49:06,2023-02-11 12:51:15,129,1,i2AJfe,电商直播影响力研究,117.173.24.130,104.1873070,30.8175290,中国,四川省,成都市,MOBILE,iOS,WeChat,414px*896px,进入直播室-E主播,5,5,5,6,5,2,6,4,3,3,5,5,6,72,61,80,5,4,3,5,2,2,4,-.74,29.09,2.47,1.43,19.43,0,60.5708955223881,2.98507462686567,39.1481955892181
1kMrPVL9,AM969zd7,cdm****IDyIS,2023-02-10 20:56:35,2023-02-10 21:04:09,454,1,i2AJfe,电商直播影响力研究,112.8.37.207,118.3363903,35.0525874,中国,山东省,临沂市,MOBILE,Android,WeChat,400px*889px,进入直播室-E主播,6,5,5,3,6,1,7,4,5,3,6,5,5,57,65,45,4,3,3,5,1,4,5,.26,14.09,1.47,5.43,-15.57,0,60.5708955223881,2.98507462686567,-31.3741924704834
D37KEveE,yevKd1XM,cdm****ifAIb,2023-02-10 19:17:52,2023-02-10 19:23:15,323,1,i2AJfe,电商直播影响力研究,223.104.35.3,116.5294780,31.7180350,中国,安徽省,六安市,MOBILE,iOS,WeChat,390px*844px,进入直播室-E主播,6,5,5,6,6,1,4,5,2,3,6,5,3,16,25,71,4,4,3,2,1,2,3,.26,-26.91,-.53,-34.57,10.43,0,60.5708955223881,2.98507462686567,21.0138672310091
xpLzvjLE,qM6ZA00M,cdm****7h1py,2023-02-10 18:17:23,2023-02-10 18:25:21,478,1,i2AJfe,电商直播影响力研究,27.200.101.61,117.1238310,36.1890920,中国,山东省,泰安市,MOBILE,Android,WeChat,401px*889px,进入直播室-E主播,6,5,5,6,6,1,7,2,2,3,6,5,6,70,100,90,2,2,3,5,2,3,5,.26,27.09,2.47,40.43,29.43,0,60.5708955223881,2.98507462686567,59.2974493205614
0JekPAMz,Ke5ZpXyM,cdm****afxHP,2023-02-09 19:39:47,2023-02-09 19:44:47,300,1,i2AJfe,电商直播影响力研究,120.84.10.42,113.1258988,23.0229910,中国,广东省,佛山市,COMPUTER,Windows,Chrome,1536px*864px,进入直播室-E主播,6,5,5,3,6,1,5,5,5,3,6,5,1,55,81,90,4,5,3,5,1,4,6,.26,12.09,-2.53,21.43,29.43,0,60.5708955223881,2.98507462686567,59.2974493205614
1kMrVVM9,VMJjyj3M,cdm****nUaEE,2023-02-09 19:07:51,2023-02-09 19:11:45,234,1,i2AJfe,电商直播影响力研究,118.212.203.120,114.9385947,25.8322094,中国,江西省,赣州市,COMPUTER,Windows,Chrome,1280px*720px,进入直播室-E主播,6,5,5,6,6,1,7,3,2,3,6,5,6,62,98,97,4,5,3,5,2,2,3,.26,19.09,2.47,38.43,36.43,0,60.5708955223881,2.98507462686567,73.4019269325017
a5LmPK7W,WLGdw0pe,cdm****0IzTz,2023-02-09 18:59:44,2023-02-09 19:03:09,205,1,i2AJfe,电商直播影响力研究,111.14.17.185,115.4691250,35.2401634,中国,山东省,菏泽市,TABLET,iOS,Apple WebKit,375px*667px,进入直播室-E主播,6,5,5,6,6,1,6,6,4,3,6,5,5,60,80,70,4,5,3,5,2,2,1,.26,17.09,1.47,20.43,9.43,0,60.5708955223881,2.98507462686567,18.9989418578748
D37KrKME,JekbX8kL,cdm****vevPy,2023-02-09 18:16:02,2023-02-09 18:18:42,160,1,i2AJfe,电商直播影响力研究,116.27.150.229,112.7795980,22.2530130,中国,广东省,江门市,MOBILE,Android,Chrome,360px*803px,进入直播室-E主播,6,5,5,2,6,2,6,4,2,3,5,5,3,18,31,43,4,2,3,5,1,2,5,.26,-24.91,-.53,-28.57,-17.57,0,60.5708955223881,2.98507462686567,-35.4040432167521
XxebylLD,5LwKnO2L,cdm****XmJcS,2023-02-09 18:15:02,2023-02-09 18:18:42,220,1,i2AJfe,电商直播影响力研究,150.255.124.197,110.3189135,20.0143207,中国,海南省,海口市,COMPUTER,Windows,Chrome,1280px*720px,进入直播室-E主播,6,5,5,6,6,1,7,3,3,3,6,5,2,33,80,70,4,3,3,5,2,2,2,.26,-9.91,-1.53,20.43,9.43,0,60.5708955223881,2.98507462686567,18.9989418578748
Kme3mD7O,aMgbmRwe,cdm****mPm1S,2023-02-08 17:30:00,2023-02-08 17:35:06,306,1,i2AJfe,电商直播影响力研究,223.104.4.48,118.7377507,32.0992691,中国,江苏省,南京市,COMPUTER,Windows,Chrome,1920px*1080px,进入直播室-E主播,6,5,5,6,6,1,7,6,3,3,6,5,6,95,100,92,4,3,3,5,2,2,5,.26,52.09,2.47,40.43,31.43,0,60.5708955223881,2.98507462686567,63.32730006683
1kMr10e9,AM969bk7,cdm****UHMQG,2023-02-11 19:30:24,2023-02-11 19:31:44,80,1,i2AJfe,电商直播影响力研究,112.224.23.120,116.6989540,37.1090260,中国,山东省,德州市,MOBILE,Android,Chrome,360px*748px,进入直播室-E主播,6,5,6,7,6,1,7,5,5,3,6,5,6,86,20,24,6,6,3,5,1,3,6,.26,43.09,2.47,-39.57,-36.57,0,60.5708955223881,2.98507462686567,-73.6876253063043
XxebokMD,J7B86one,cdm****YgfPs,2023-02-11 17:27:15,2023-02-11 17:30:05,170,1,i2AJfe,电商直播影响力研究,120.221.100.8,115.9862978,36.4417325,中国,山东省,聊城市,COMPUTER,Windows,Chrome,1536px*864px,进入直播室-E主播,7,5,6,6,7,2,5,3,5,3,7,5,6,77,80,58,5,5,3,5,1,3,6,1.26,34.09,2.47,20.43,-2.57,0,60.5708955223881,2.98507462686567,-5.18016261973713
gBMDvkLd,QL0Z5ZjM,cdm****Mv4Kv,2023-02-11 16:36:08,2023-02-11 16:40:10,242,1,i2AJfe,电商直播影响力研究,112.96.106.114,113.6707360,22.9057360,中国,广东省,东莞市,MOBILE,iOS,WeChat,375px*667px,进入直播室-E主播,6,5,6,6,7,2,5,5,6,3,7,5,2,12,19,32,5,6,3,5,1,4,5,.26,-30.91,-1.53,-40.57,-28.57,1,60.5708955223881,2.98507462686567,-57.5682223212297
mWLGjw7z,AM969Dd7,cdm****GzfYm,2023-02-11 16:18:50,2023-02-11 16:21:56,186,1,i2AJfe,电商直播影响力研究,220.249.99.154,114.3615970,30.4728620,中国,湖北省,武汉市,COMPUTER,Windows,Chrome,1366px*768px,进入直播室-E主播,6,5,6,6,6,2,6,4,4,3,6,5,6,89,67,67,5,4,3,5,2,2,3,.26,46.09,2.47,7.43,6.43,0,60.5708955223881,2.98507462686567,12.9541657384718
Jz7laqLQ,DMxKRx9e,cdm****PBbvu,2023-02-11 12:02:24,2023-02-11 12:10:11,467,1,i2AJfe,电商直播影响力研究,223.72.55.53,116.3974589,39.9388838,中国,北京市,市辖区,COMPUTER,Windows,Chrome,1920px*1080px,进入直播室-E主播,6,5,6,6,6,1,5,5,6,3,6,5,6,90,95,95,6,6,3,5,1,4,6,.26,47.09,2.47,35.43,34.43,0,60.5708955223881,2.98507462686567,69.372076186233
YKLO5dMk,kM1ZO0O7,cdm****Nd2JV,2023-02-10 12:54:31,2023-02-10 13:00:53,382,1,i2AJfe,电商直播影响力研究,222.181.204.67,108.8353960,29.5790300,中国,重庆市,市辖区,MOBILE,Android,WeChat,400px*867px,进入直播室-E主播,6,5,6,7,6,1,5,3,3,3,6,5,6,70,60,80,7,6,3,5,1,4,5,.26,27.09,2.47,.43,19.43,0,60.5708955223881,2.98507462686567,39.1481955892181
1veEj4MG,veE2Xl6M,cdm****oZabU,2023-02-09 14:56:12,2023-02-09 15:02:00,348,1,i2AJfe,电商直播影响力研究,113.25.111.1,112.7328372,37.7078663,中国,山西省,晋中市,COMPUTER,Windows,Chrome,1536px*864px,进入直播室-E主播,4,5,6,6,5,1,7,2,4,3,4,5,6,84,100,100,6,4,3,1,1,2,5,-1.74,41.09,2.47,40.43,39.43,1,60.5708955223881,2.98507462686567,79.4467030519046
E9LQWvMP,qM6ZA90M,cdm****RwBeM,2023-02-09 10:20:38,2023-02-09 10:24:45,247,1,i2AJfe,电商直播影响力研究,111.181.86.201,114.8955721,30.3801463,中国,湖北省,鄂州市,COMPUTER,Windows,Chrome,1951px*1098px,进入直播室-E主播,6,5,6,6,7,1,7,5,5,3,6,5,6,46,79,98,5,6,3,5,1,4,6,.26,3.09,2.47,19.43,37.43,1,60.5708955223881,2.98507462686567,75.416852305636
nxLVPZMY,J7B869ze,cdm****xzsbz,2023-02-08 21:18:39,2023-02-08 21:24:58,379,1,i2AJfe,电商直播影响力研究,114.102.49.228,118.5118175,31.6853633,中国,安徽省,马鞍山市,COMPUTER,Windows,Chrome,1707px*960px,进入直播室-E主播,6,5,6,6,6,1,5,4,5,3,6,5,6,90,92,100,5,4,3,5,1,3,4,.26,47.09,2.47,32.43,39.43,0,60.5708955223881,2.98507462686567,79.4467030519046
Y5M2BkM4,pLzKa40e,张*强,2023-02-08 18:21:25,2023-02-08 18:24:15,170,1,i2AJfe,电商直播影响力研究,112.224.23.75,117.0239850,36.6647610,中国,山东省,济南市,MOBILE,iOS,Apple WebKit,414px*896px,进入直播室-E主播,7,5,6,6,6,1,7,6,5,3,7,5,6,70,100,100,5,5,3,5,1,4,6,1.26,27.09,2.47,40.43,39.43,-1,60.5708955223881,2.98507462686567,79.4467030519046
0ve8QgMp,AM969dv7,cdm****4ITmh,2023-02-08 18:15:20,2023-02-08 18:21:35,375,1,i2AJfe,电商直播影响力研究,111.36.28.120,116.5968167,35.3961037,中国,山东省,济宁市,COMPUTER,Windows,Chrome,1366px*768px,进入直播室-E主播,6,5,6,5,6,1,7,5,5,3,6,5,7,80,100,90,5,5,3,5,2,3,4,.26,37.09,3.47,40.43,29.43,0,60.5708955223881,2.98507462686567,59.2974493205614
dqM6YRex,z7lbrm9e,cdm****OOsYw,2023-02-08 17:50:57,2023-02-08 18:00:45,588,1,i2AJfe,电商直播影响力研究,60.223.132.223,111.9948140,37.2067290,中国,山西省,晋中市,COMPUTER,Windows,Chrome,1536px*864px,进入直播室-E主播,6,5,6,6,6,1,7,4,5,3,6,5,6,97,63,70,6,6,3,5,2,2,4,.26,54.09,2.47,3.43,9.43,0,60.5708955223881,2.98507462686567,18.9989418578748
0ve8rw7p,WMRlRpxL,cdm****M1wal,2023-02-08 17:52:16,2023-02-08 17:56:37,261,1,i2AJfe,电商直播影响力研究,121.32.181.202,113.3893937,23.1565381,中国,广东省,广州市,COMPUTER,Windows,Chrome,1920px*1080px,进入直播室-E主播,6,5,6,6,6,1,7,5,4,3,6,5,5,75,85,99,5,4,3,5,2,4,6,.26,32.09,1.47,25.43,38.43,0,60.5708955223881,2.98507462686567,77.4317776787703
Wo7j2z7w,aMgbmbne,sc***5107,2023-02-08 10:19:31,2023-02-08 10:22:11,160,1,i2AJfe,电商直播影响力研究,36.98.30.87,119.5201580,39.9054620,中国,河北省,秦皇岛市,MOBILE,Android,Chrome,360px*803px,进入直播室-E主播,6,5,6,6,6,1,6,4,5,3,6,5,5,60,70,30,4,4,3,5,1,2,3,.26,17.09,1.47,10.43,-30.57,0,60.5708955223881,2.98507462686567,-61.5980730674983
w5LwA2Ml,4enbkgBe,cdm****HWz5a,2023-02-07 23:03:57,2023-02-07 23:09:10,313,1,i2AJfe,电商直播影响力研究,223.149.115.29,109.9970470,27.0869350,中国,湖南省,怀化市,COMPUTER,Windows,Chrome,1536px*864px,进入直播室-E主播,6,5,6,6,6,1,5,3,5,3,6,5,6,70,90,20,6,5,3,5,1,4,5,.26,27.09,2.47,30.43,-40.57,0,60.5708955223881,2.98507462686567,-81.7473267988416
dqM680Lx,Ke5ZpQOM,cdm****B13yx,2023-02-07 21:02:16,2023-02-07 21:06:02,226,1,i2AJfe,电商直播影响力研究,39.190.182.165,120.7678664,30.7404874,中国,浙江省,嘉兴市,COMPUTER,Windows,Chrome,1536px*864px,进入直播室-E主播,5,5,6,6,5,1,6,4,3,3,5,5,5,90,45,20,5,5,3,5,1,4,5,-.74,47.09,1.47,-14.57,-40.57,0,60.5708955223881,2.98507462686567,-81.7473267988416
2AM9wrL6,p7Yxv9WM,邓*光,2023-02-07 18:23:19,2023-02-07 18:27:07,228,1,i2AJfe,电商直播影响力研究,14.16.132.221,113.7222610,22.8392380,中国,广东省,东莞市,MOBILE,iOS,Apple WebKit,375px*812px,进入直播室-E主播,6,5,6,6,6,3,3,6,6,3,7,5,6,80,73,90,6,7,3,5,1,4,4,.26,37.09,2.47,13.43,29.43,0,60.5708955223881,2.98507462686567,59.2974493205614
E9LQ0Q7P,8MZlJ1jL,cdm****29xv7,2023-02-12 18:23:44,2023-02-12 18:28:04,260,1,i2AJfe,电商直播影响力研究,111.172.240.138,112.1531153,32.0612032,中国,湖北省,襄阳市,COMPUTER,Windows,Chrome,1280px*800px,进入直播室-E主播,6,5,7,6,6,1,7,6,5,3,6,5,7,100,95,95,7,6,3,5,1,3,5,.26,57.09,3.47,35.43,34.43,0,60.5708955223881,2.98507462686567,69.372076186233
K0ey98eQ,9LQlnrQ7,cdm****eoJ5R,2023-02-13 10:06:49,2023-02-13 10:11:55,306,1,i2AJfe,电商直播影响力研究,221.223.78.29,116.3460020,39.9081130,中国,北京市,市辖区,MOBILE,iOS,WeChat,414px*896px,进入直播室-E主播,5,5,3,5,5,2,5,4,2,3,5,5,6,89,85,89,2,5,3,5,2,4,3,-.74,46.09,2.47,25.43,28.43,0,60.5708955223881,2.98507462686567,57.282523947427
VnePANMa,J7qK82ge,cdm****9ss6m,2023-02-13 16:50:55,2023-02-13 16:53:17,142,1,i2AJfe,电商直播影响力研究,121.233.213.108,119.4450750,32.4751950,中国,江苏省,扬州市,MOBILE,Android,WeChat,400px*889px,进入直播室-E主播,6,5,4,6,5,1,7,4,3,3,5,5,1,40,80,100,3,4,3,5,2,2,4,.26,-2.91,-2.53,20.43,39.43,-1,60.5708955223881,2.98507462686567,79.4467030519046
Wo7jJB7w,ve8m08zM,cdm****GDvBC,2023-02-14 12:08:17,2023-02-14 12:11:10,173,1,i2AJfe,电商直播影响力研究,222.135.108.95,122.0854211,37.5216531,中国,山东省,威海市,COMPUTER,Windows,Chrome,1920px*1080px,进入直播室-E主播,5,5,4,6,5,1,5,4,3,3,5,5,2,12,88,82,4,3,3,5,1,4,4,-.74,-30.91,-1.53,28.43,21.43,0,60.5708955223881,2.98507462686567,43.1780463354867
XRMWlE7z,me3bvgoL,cdm****KNb0p,2023-02-14 18:32:27,2023-02-14 18:36:33,246,1,i2AJfe,电商直播影响力研究,36.19.182.119,120.1291910,30.2322270,中国,浙江省,杭州市,MOBILE,iOS,WeChat,428px*926px,进入直播室-E主播,6,5,4,6,6,1,5,6,5,3,6,5,5,60,80,80,4,4,3,5,1,4,4,.26,17.09,1.47,20.43,19.43,0,60.5708955223881,2.98507462686567,39.1481955892181
YKLOAxMk,4enbkXme,cdm****aliKg,2023-02-13 10:39:32,2023-02-13 10:42:48,196,1,i2AJfe,电商直播影响力研究,113.66.38.145,113.3893937,23.1565381,中国,广东省,广州市,COMPUTER,Windows,WeChat,1600px*900px,进入直播室-E主播,6,5,5,6,6,2,5,5,6,3,6,5,5,50,70,75,4,5,3,5,2,3,5,.26,7.09,1.47,10.43,14.43,0,60.5708955223881,2.98507462686567,29.0735687235465
aBep8AeE,VMJjyW1M,cdm****z5rnE,2023-02-13 10:57:57,2023-02-13 11:03:57,360,1,i2AJfe,电商直播影响力研究,58.57.182.242,115.9798000,36.4625220,中国,山东省,聊城市,MOBILE,Android,Chrome,360px*800px,进入直播室-E主播,6,5,5,3,6,2,5,6,6,3,6,5,4,70,91,97,4,5,3,5,1,6,5,.26,27.09,.47,31.43,36.43,0,60.5708955223881,2.98507462686567,73.4019269325017
mWLGa0Mz,qM6ZAv8M,cdm****kqwYK,2023-02-13 15:39:19,2023-02-13 15:42:14,175,1,i2AJfe,电商直播影响力研究,123.120.99.237,116.3974589,39.9388838,中国,北京市,市辖区,COMPUTER,Windows,Chrome,1280px*720px,进入直播室-E主播,6,5,5,5,5,1,6,3,7,3,6,5,7,78,88,78,4,5,3,5,1,2,3,.26,35.09,3.47,28.43,17.43,-1,60.5708955223881,2.98507462686567,35.1183448429494
0ve8B07p,leNl2mJ7,cdm****8SbXy,2023-02-13 19:55:25,2023-02-13 20:01:11,346,1,i2AJfe,电商直播影响力研究,116.53.253.147,102.7141750,25.0417057,中国,云南省,昆明市,COMPUTER,Windows,Chrome,1366px*768px,进入直播室-E主播,6,5,5,7,6,1,7,6,5,3,6,5,6,69,74,95,5,3,3,5,1,4,4,.26,26.09,2.47,14.43,34.43,0,60.5708955223881,2.98507462686567,69.372076186233
o4enJ0e1,9LQlnZv7,cdm****cJjsU,2023-02-14 12:00:45,2023-02-14 12:03:10,145,1,i2AJfe,电商直播影响力研究,60.181.140.167,120.6837040,27.9911397,中国,浙江省,温州市,COMPUTER,Windows,Chrome,1920px*1080px,进入直播室-E主播,5,5,5,5,5,2,5,4,4,3,5,5,5,71,69,61,5,5,3,5,2,2,3,-.74,28.09,1.47,9.43,.43,0,60.5708955223881,2.98507462686567,.864613499665856
zJ7qw4e0,5M2ZxWlM,cdm****3Ki2Y,2023-02-13 10:17:11,2023-02-13 10:21:12,241,1,i2AJfe,电商直播影响力研究,115.156.140.97,114.3215364,30.5673932,中国,湖北省,武汉市,MOBILE,Android,Chrome,360px*780px,进入直播室-E主播,6,5,6,6,6,1,6,5,3,3,6,5,5,65,50,53,5,4,3,5,2,3,3,.26,22.09,1.47,-9.57,-7.57,0,60.5708955223881,2.98507462686567,-15.2547894854088
gBMDdKMd,aMgbmY5e,cdm****hPVNf,2023-02-13 16:51:24,2023-02-13 16:53:37,133,1,i2AJfe,电商直播影响力研究,218.26.159.71,112.5463272,37.8699291,中国,山西省,太原市,COMPUTER,Windows,WeChat,1536px*864px,进入直播室-E主播,6,5,6,6,6,1,6,5,4,3,5,5,6,50,40,30,6,4,3,5,1,2,2,.26,7.09,2.47,-19.57,-30.57,0,60.5708955223881,2.98507462686567,-61.5980730674983
a5Lm4D7W,oe4ZJ2a7,cdm****ZI56R,2023-02-14 19:37:22,2023-02-14 19:40:04,162,1,i2AJfe,电商直播影响力研究,111.226.212.136,116.8497491,38.3109803,中国,河北省,沧州市,COMPUTER,Windows,Chrome,1536px*864px,进入直播室-E主播,6,5,6,7,6,1,7,3,6,3,6,5,7,80,70,70,6,7,3,5,1,2,4,.26,37.09,3.47,10.43,9.43,0,60.5708955223881,2.98507462686567,18.9989418578748
dqM63v7x,J7qK8kGe,cdm****6W26F,2023-02-13 06:54:57,2023-02-13 06:58:02,185,1,i2AJfe,电商直播影响力研究,36.61.42.206,117.2772718,31.8710932,中国,安徽省,合肥市,MOBILE,Android,WeChat,360px*800px,进入直播室-E主播,6,5,7,6,6,3,5,5,6,3,6,5,6,82,83,80,6,6,2,5,1,2,5,.26,39.09,2.47,23.43,19.43,0,60.5708955223881,2.98507462686567,39.1481955892181
wWMRADe9,oe4ZJD67,cdm****lJDUf,2023-02-13 10:24:56,2023-02-13 10:28:06,190,1,i2AJfe,电商直播影响力研究,221.222.21.63,116.3974589,39.9388838,中国,北京市,市辖区,COMPUTER,Windows,Chrome,1536px*864px,进入直播室-E主播,7,5,7,7,7,1,3,7,7,3,7,5,7,100,92,88,7,7,3,5,2,4,7,1.26,57.09,3.47,32.43,27.43,0,60.5708955223881,2.98507462686567,55.2675985742927
JyevKQM9,veE2X9AM,cdm****17GOz,2023-02-14 18:21:07,2023-02-14 18:23:09,122,1,i2AJfe,电商直播影响力研究,182.118.238.3,112.4481583,34.6557516,中国,河南省,洛阳市,MOBILE,Android,WeChat,401px*889px,进入直播室-E主播,3,5,7,2,2,1,7,2,2,3,3,5,7,100,51,51,7,2,3,5,1,2,5,-2.74,57.09,3.47,-8.57,-9.57,-1,60.5708955223881,2.98507462686567,-19.2846402316774
D37KBPME,0eyKjn87,cdm****ChBLz,2023-02-14 19:01:02,2023-02-14 19:04:42,220,1,i2AJfe,电商直播影响力研究,106.45.187.17,107.3670550,37.7950420,中国,宁夏回族自治区,吴忠市,MOBILE,Android,WeChat,400px*889px,进入直播室-E主播,6,5,7,6,6,3,6,6,5,3,6,5,6,93,88,81,6,4,3,5,2,4,5,.26,50.09,2.47,28.43,20.43,0,60.5708955223881,2.98507462686567,41.1631209623524
